symbol,base_asset,contract_type,quote_asset,status,onboard_date,price_precision,quantity_precision,quote_volume_24h,last_price,eligible,rejection_reason
ETHUSDT,ETH,PERPETUAL,USDT,TRADING,2019-09-25 08:00:00+00:00,2,3,22063746304.14,2347.15,True,
BTCUSDT,BTC,PERPETUAL,USDT,TRADING,2019-09-25 08:00:00+00:00,2,3,21967800835.79,75115.5,True,
ETHUSDC,ETH,PERPETUAL,USDC,TRADING,2024-01-03 12:35:00+00:00,2,3,5062377058.98,2347.19,True,
BTCUSDC,BTC,PERPETUAL,USDC,TRADING,2024-01-03 12:30:00+00:00,1,3,4298584509.7,75122.1,True,
SOLUSDT,SOL,PERPETUAL,USDT,TRADING,2019-09-25 08:00:00+00:00,4,2,3016658804.334,95.01,True,
XRPUSDT,XRP,PERPETUAL,USDT,TRADING,2019-09-25 08:00:00+00:00,4,1,1436571646.2895,1.5666,True,
1000PEPEUSDT,1000PEPE,PERPETUAL,USDT,TRADING,2023-05-05 00:00:00+00:00,7,0,1148607083.628912,0.0039619,True,
DOGEUSDT,DOGE,PERPETUAL,USDT,TRADING,2019-09-25 08:00:00+00:00,6,0,1075947093.26599,0.10242,True,
ZECUSDT,ZEC,PERPETUAL,USDT,TRADING,2019-09-25 08:00:00+00:00,2,3,915098061.1,277.83,True,
RIVERUSDT,RIVER,PERPETUAL,USDT,TRADING,2025-10-17 14:45:00+00:00,6,1,661553943.9102,20.804,True,
GUSDT,G,PERPETUAL,USDT,TRADING,2024-08-15 12:30:00+00:00,7,0,645627821.689144,0.00506,True,
TAOUSDT,TAO,PERPETUAL,USDT,TRADING,2024-04-11 14:30:00+00:00,2,3,571101066.47,283.44,True,
HYPEUSDT,HYPE,PERPETUAL,USDT,TRADING,2025-05-30 10:30:00+00:00,5,2,552874351.88225,40.488,True,
BNBUSDT,BNB,PERPETUAL,USDT,TRADING,2019-09-25 08:00:00+00:00,3,2,541330600.695,680.91,True,
SOLUSDC,SOL,PERPETUAL,USDC,TRADING,2024-01-03 12:45:00+00:00,4,2,477359251.7009,95.01,True,
PIPPINUSDT,PIPPIN,PERPETUAL,USDT,TRADING,2025-01-24 10:15:00+00:00,7,0,413800992.29931,0.17356,True,
ADAUSDT,ADA,PERPETUAL,USDT,TRADING,2019-09-25 08:00:00+00:00,5,0,356980177.7925,0.2901,True,
TRUMPUSDT,TRUMP,PERPETUAL,USDT,TRADING,2025-01-18 13:00:00+00:00,6,2,300957409.53644,3.839,True,
SIRENUSDT,SIREN,PERPETUAL,USDT,TRADING,2025-03-22 09:00:00+00:00,7,0,292269850.7515,0.60374,True,
SUIUSDT,SUI,PERPETUAL,USDT,TRADING,2023-05-03 00:00:00+00:00,6,1,291555720.24162,1.0523,True,
DOTUSDT,DOT,PERPETUAL,USDT,TRADING,2019-09-25 08:00:00+00:00,3,1,268144149.147,1.616,True,
XRPUSDC,XRP,PERPETUAL,USDC,TRADING,2024-01-03 12:50:00+00:00,4,1,266861946.3061,1.5667,True,
AVAXUSDT,AVAX,PERPETUAL,USDT,TRADING,2019-09-25 08:00:00+00:00,4,0,242380593.104,10.459,True,
FETUSDT,FET,PERPETUAL,USDT,TRADING,2023-01-15 07:00:00+00:00,7,0,223899269.9575,0.2337,True,
LINKUSDT,LINK,PERPETUAL,USDT,TRADING,2019-09-25 08:00:00+00:00,3,2,213765471.754,9.891,True,
FILUSDT,FIL,PERPETUAL,USDT,TRADING,2019-09-25 08:00:00+00:00,3,1,212347743.441,0.972,True,
NEARUSDT,NEAR,PERPETUAL,USDT,TRADING,2019-09-25 08:00:00+00:00,4,0,210886846.394,1.46,True,
PAXGUSDT,PAXG,PERPETUAL,USDT,TRADING,2025-03-27 10:30:00+00:00,4,3,192237697.1641,5007.28,True,
DEGOUSDT,DEGO,PERPETUAL,USDT,TRADING,2024-12-13 13:15:00+00:00,7,1,160468902.48832,1.4124,True,
FARTCOINUSDT,FARTCOIN,PERPETUAL,USDT,TRADING,2024-12-20 18:45:00+00:00,7,1,152713853.83532,0.2104,True,
WIFUSDT,WIF,PERPETUAL,USDT,TRADING,2024-01-18 14:15:00+00:00,7,1,148679378.49211,0.1888,True,
BCHUSDT,BCH,PERPETUAL,USDT,TRADING,2019-09-25 08:00:00+00:00,2,3,123389405.67,476.51,True,
ENAUSDT,ENA,PERPETUAL,USDT,TRADING,2024-04-02 12:30:00+00:00,7,0,120992820.905,0.1181,True,
LTCUSDT,LTC,PERPETUAL,USDT,TRADING,2019-09-25 08:00:00+00:00,2,3,118460588.49,58.59,True,
PUMPUSDT,PUMP,PERPETUAL,USDT,TRADING,2025-07-10 07:30:00+00:00,7,0,117552463.802519,0.002139,True,
ASTERUSDT,ASTER,PERPETUAL,USDT,TRADING,2025-09-19 12:00:00+00:00,7,0,116895265.6679,0.7467,True,
UNIUSDT,UNI,PERPETUAL,USDT,TRADING,2019-09-25 08:00:00+00:00,4,0,116237744.179,4.128,True,
WLDUSDT,WLD,PERPETUAL,USDT,TRADING,2023-07-24 12:00:00+00:00,7,0,109662656.784,0.3965,True,
LYNUSDT,LYN,PERPETUAL,USDT,TRADING,2025-10-06 07:30:00+00:00,7,0,109056195.50509,0.06252,True,
BEATUSDT,BEAT,PERPETUAL,USDT,TRADING,2025-11-12 12:15:00+00:00,7,0,102000624.8904,0.469,True,
AAVEUSDT,AAVE,PERPETUAL,USDT,TRADING,2019-09-25 08:00:00+00:00,3,1,100083691.682,122.61,True,
DOGEUSDC,DOGE,PERPETUAL,USDC,TRADING,2024-01-18 10:00:00+00:00,6,0,92777185.69459,0.10242,True,
XANUSDT,XAN,PERPETUAL,USDT,TRADING,2025-09-29 10:30:00+00:00,7,0,89937049.870132,0.01069,True,
ENSOUSDT,ENSO,PERPETUAL,USDT,TRADING,2025-10-14 09:00:00+00:00,6,1,87619197.5602,1.1783,True,
REZUSDT,REZ,PERPETUAL,USDT,TRADING,2024-04-30 14:00:00+00:00,7,0,87522988.889395,0.003897,True,
PIXELUSDT,PIXEL,PERPETUAL,USDT,TRADING,2024-02-19 15:00:00+00:00,7,0,84815279.942681,0.010146,True,
1000BONKUSDT,1000BONK,PERPETUAL,USDT,TRADING,2023-11-22 14:00:00+00:00,7,0,84382009.939058,0.006602,True,
PENGUUSDT,PENGU,PERPETUAL,USDT,TRADING,2024-12-17 16:15:00+00:00,7,0,83266404.970468,0.00805,True,
BNBUSDC,BNB,PERPETUAL,USDC,TRADING,2024-01-03 12:40:00+00:00,3,2,82491609.463,681.23,True,
1000SHIBUSDT,1000SHIB,PERPETUAL,USDT,TRADING,2021-05-10 07:00:00+00:00,6,0,80019762.742486,0.006172,True,
APTUSDT,APT,PERPETUAL,USDT,TRADING,2022-10-18 07:00:00+00:00,5,1,69429733.48637,1.005,True,
XPLUSDT,XPL,PERPETUAL,USDT,TRADING,2025-08-22 09:30:00+00:00,7,0,66889813.2461,0.123,True,
VIRTUALUSDT,VIRTUAL,PERPETUAL,USDT,TRADING,2024-12-10 12:30:00+00:00,7,1,65573759.18787,0.8158,True,
ARBUSDT,ARB,PERPETUAL,USDT,TRADING,2023-03-23 07:00:00+00:00,6,1,63963765.59605,0.11,True,
ETCUSDT,ETC,PERPETUAL,USDT,TRADING,2019-09-25 08:00:00+00:00,3,2,62552731.655,8.997,True,
ARIAUSDT,ARIA,PERPETUAL,USDT,TRADING,2025-09-03 11:00:00+00:00,7,0,62147065.36622,0.16604,True,
HBARUSDT,HBAR,PERPETUAL,USDT,TRADING,2021-03-17 07:00:00+00:00,5,0,60410385.41042,0.10074,True,
1000PEPEUSDC,1000PEPE,PERPETUAL,USDC,TRADING,2024-03-07 08:30:00+00:00,7,0,59104978.4781871,0.0039606,True,
DASHUSDT,DASH,PERPETUAL,USDT,TRADING,2019-09-25 08:00:00+00:00,2,3,56536401.87,35.69,True,
TRXUSDT,TRX,PERPETUAL,USDT,TRADING,2019-09-25 08:00:00+00:00,5,0,54911710.7516,0.29582,True,
XLMUSDT,XLM,PERPETUAL,USDT,TRADING,2019-09-25 08:00:00+00:00,5,0,54637861.87112,0.17889,True,
RENDERUSDT,RENDER,PERPETUAL,USDT,TRADING,2024-07-26 10:00:00+00:00,7,1,53513832.0937,1.912,True,
MEUSDT,ME,PERPETUAL,USDT,TRADING,2024-12-10 17:00:00+00:00,7,1,53409273.57892,0.1262,True,
ZECUSDC,ZEC,PERPETUAL,USDC,TRADING,2025-11-19 10:30:00+00:00,2,3,51615401.43,277.68,True,
CRVUSDT,CRV,PERPETUAL,USDT,TRADING,2019-09-25 08:00:00+00:00,3,1,50937684.191,0.257,True,
COSUSDT,COS,PERPETUAL,USDT,TRADING,2024-09-30 13:00:00+00:00,7,0,50877202.256461,0.001702,True,
KITEUSDT,KITE,PERPETUAL,USDT,TRADING,2025-10-29 10:30:00+00:00,7,0,48601740.00196,0.2051,True,
ICPUSDT,ICP,PERPETUAL,USDT,TRADING,2021-07-30 07:00:00+00:00,6,0,47708845.228,2.778,True,
THEUSDT,THE,PERPETUAL,USDT,TRADING,2024-11-27 12:15:00+00:00,7,1,47172428.10469,0.1836,True,
OPUSDT,OP,PERPETUAL,USDT,TRADING,2022-06-01 07:00:00+00:00,7,1,45766058.33138,0.1368,True,
APRUSDT,APR,PERPETUAL,USDT,TRADING,2025-10-23 10:30:00+00:00,7,0,42847307.78071,0.1726,True,
FLOWUSDT,FLOW,PERPETUAL,USDT,TRADING,2022-02-09 07:00:00+00:00,7,1,42742425.932535,0.03777,True,
WLFIUSDT,WLFI,PERPETUAL,USDT,TRADING,2025-08-23 08:30:00+00:00,7,0,41144057.9698,0.1058,True,
XMRUSDT,XMR,PERPETUAL,USDT,TRADING,2019-09-25 08:00:00+00:00,2,3,40171621.47,373.23,True,
GALAUSDT,GALA,PERPETUAL,USDT,TRADING,2021-09-17 07:00:00+00:00,5,0,38984727.30421,0.00367,True,
ZROUSDT,ZRO,PERPETUAL,USDT,TRADING,2024-06-20 14:30:00+00:00,7,1,38943929.72492,2.216,True,
MYXUSDT,MYX,PERPETUAL,USDT,TRADING,2025-06-18 12:30:00+00:00,7,0,38267834.557,0.3362,True,
EIGENUSDT,EIGEN,PERPETUAL,USDT,TRADING,2024-10-01 06:00:00+00:00,7,1,37115097.12985,0.2311,True,
BUSDT,B,PERPETUAL,USDT,TRADING,2025-05-22 16:30:00+00:00,7,0,36881910.6342,0.2316,True,
ANIMEUSDT,ANIME,PERPETUAL,USDT,TRADING,2025-01-23 17:00:00+00:00,7,0,36781252.050595,0.006085,True,
CUSDT,C,PERPETUAL,USDT,TRADING,2025-07-15 09:00:00+00:00,7,0,35985571.12732,0.06731,True,
ZENUSDT,ZEN,PERPETUAL,USDT,TRADING,2019-09-25 08:00:00+00:00,3,1,34812148.986,6.888,True,
VANRYUSDT,VANRY,PERPETUAL,USDT,TRADING,2024-03-13 17:30:00+00:00,7,0,34022977.341519,0.005876,True,
CFXUSDT,CFX,PERPETUAL,USDT,TRADING,2023-02-19 07:00:00+00:00,7,0,33837739.71486,0.06646,True,
BANANAS31USDT,BANANAS31,PERPETUAL,USDT,TRADING,2025-03-22 09:15:00+00:00,7,0,33536384.685814,0.010305,True,
ONDOUSDT,ONDO,PERPETUAL,USDT,TRADING,2024-01-20 13:00:00+00:00,7,1,33033758.43903,0.2887,True,
TIAUSDT,TIA,PERPETUAL,USDT,TRADING,2023-10-31 16:30:00+00:00,7,0,29809364.9236,0.377,True,
BTCUSDT_260327,BTC,CURRENT_QUARTER,USDT,TRADING,2025-09-26 08:00:00+00:00,1,3,29270731.2,75233.2,True,
AXSUSDT,AXS,PERPETUAL,USDT,TRADING,2019-09-25 08:00:00+00:00,5,0,28589819.311,1.249,True,
BARDUSDT,BARD,PERPETUAL,USDT,TRADING,2025-09-18 11:00:00+00:00,7,0,28545367.4242,1.0717,True,
ETHUSDT_260327,ETH,CURRENT_QUARTER,USDT,TRADING,2025-09-26 08:00:00+00:00,2,3,28004577.32,2349.59,True,
INJUSDT,INJ,PERPETUAL,USDT,TRADING,2022-08-16 07:00:00+00:00,6,1,26643653.1271,3.296,True,
USELESSUSDT,USELESS,PERPETUAL,USDT,TRADING,2025-08-15 12:15:00+00:00,7,0,26173777.97971,0.04625,True,
VVVUSDT,VVV,PERPETUAL,USDT,TRADING,2025-01-29 08:15:00+00:00,6,2,26038554.9077,6.081,True,
BERAUSDT,BERA,PERPETUAL,USDT,TRADING,2025-02-06 15:00:00+00:00,6,1,25732356.97578,0.6563,True,
SUIUSDC,SUI,PERPETUAL,USDC,TRADING,2024-02-08 07:00:00+00:00,6,1,24723486.55445,1.0521,True,
BABYUSDT,BABY,PERPETUAL,USDT,TRADING,2025-04-05 13:30:00+00:00,7,0,24661657.84732,0.01354,True,
ATOMUSDT,ATOM,PERPETUAL,USDT,TRADING,2019-09-25 08:00:00+00:00,3,2,24401911.315,1.971,True,
POWERUSDT,POWER,PERPETUAL,USDT,TRADING,2025-12-06 09:00:00+00:00,7,0,24383363.61514,0.10812,True,
HUMAUSDT,HUMA,PERPETUAL,USDT,TRADING,2025-05-26 13:00:00+00:00,7,0,24229748.638976,0.017315,True,
AINUSDT,AIN,PERPETUAL,USDT,TRADING,2025-07-10 10:45:00+00:00,7,0,23918951.42235,0.06454,True,
RVNUSDT,RVN,PERPETUAL,USDT,TRADING,2021-02-23 07:00:00+00:00,5,0,22919051.69631,0.00628,True,
NEOUSDT,NEO,PERPETUAL,USDT,TRADING,2019-09-25 08:00:00+00:00,3,2,22743072.18,2.819,True,
TONUSDT,TON,PERPETUAL,USDT,TRADING,2024-03-01 12:30:00+00:00,7,1,22461208.75574,1.3271,True,
ADAUSDC,ADA,PERPETUAL,USDC,TRADING,2025-03-06 10:15:00+00:00,6,1,22187343.04752,0.2901,True,
UAIUSDT,UAI,PERPETUAL,USDT,TRADING,2025-11-06 11:30:00+00:00,7,0,22036514.5359,0.429,True,
LDOUSDT,LDO,PERPETUAL,USDT,TRADING,2022-09-21 07:00:00+00:00,6,0,21888168.9054,0.3255,True,
GRASSUSDT,GRASS,PERPETUAL,USDT,TRADING,2024-11-08 15:30:00+00:00,7,1,21804693.73527,0.4611,True,
SEIUSDT,SEI,PERPETUAL,USDT,TRADING,2023-08-17 02:30:00+00:00,7,0,21425271.77174,0.06941,True,
MOODENGUSDT,MOODENG,PERPETUAL,USDT,TRADING,2024-10-25 10:00:00+00:00,7,0,21096440.75992,0.05625,True,
SIGNUSDT,SIGN,PERPETUAL,USDT,TRADING,2025-04-28 11:00:00+00:00,7,0,21079718.73581,0.04064,True,
NIGHTUSDT,NIGHT,PERPETUAL,USDT,TRADING,2025-12-10 11:00:00+00:00,7,0,20710721.75761,0.05133,True,
MONUSDT,MON,PERPETUAL,USDT,TRADING,2025-10-10 07:15:00+00:00,7,0,20488614.85537,0.02464,True,
CAKEUSDT,CAKE,PERPETUAL,USDT,TRADING,2023-11-02 12:45:00+00:00,7,0,20185439.7027,1.5112,True,
1000FLOKIUSDT,1000FLOKI,PERPETUAL,USDT,TRADING,2023-05-06 00:00:00+00:00,7,0,20152913.26777,0.03231,True,
POLUSDT,POL,PERPETUAL,USDT,TRADING,2024-09-13 12:15:00+00:00,7,0,19949180.37396,0.10119,True,
NEIROUSDT,NEIRO,PERPETUAL,USDT,TRADING,2024-09-16 11:30:00+00:00,8,0,19676220.53863526,7.562e-05,True,
RESOLVUSDT,RESOLV,PERPETUAL,USDT,TRADING,2025-06-10 13:30:00+00:00,7,0,19656572.69301,0.06494,True,
SAHARAUSDT,SAHARA,PERPETUAL,USDT,TRADING,2025-06-26 12:00:00+00:00,7,0,19646006.20087,0.02382,True,
BOMEUSDT,BOME,PERPETUAL,USDT,TRADING,2024-03-16 12:30:00+00:00,7,0,18938019.1206999,0.0004758,True,
SENTUSDT,SENT,PERPETUAL,USDT,TRADING,2025-11-14 12:45:00+00:00,7,0,18825742.24113,0.02258,True,
HANAUSDT,HANA,PERPETUAL,USDT,TRADING,2025-09-26 11:30:00+00:00,7,0,18756783.63167,0.04634,True,
BIOUSDT,BIO,PERPETUAL,USDT,TRADING,2025-01-03 12:15:00+00:00,7,0,18707458.15847,0.02343,True,
TURBOUSDT,TURBO,PERPETUAL,USDT,TRADING,2024-05-30 15:30:00+00:00,7,0,18332260.4755219,0.0011074,True,
LINKUSDC,LINK,PERPETUAL,USDC,TRADING,2024-02-16 08:30:00+00:00,3,2,17813858.355,9.889,True,
SANDUSDT,SAND,PERPETUAL,USDT,TRADING,2021-01-18 07:00:00+00:00,5,0,17763003.54432,0.08961,True,
IPUSDT,IP,PERPETUAL,USDT,TRADING,2025-02-13 17:00:00+00:00,6,1,16881430.1728,0.814,True,
JUPUSDT,JUP,PERPETUAL,USDT,TRADING,2024-01-31 18:30:00+00:00,7,0,16813572.5819,0.1692,True,
BANUSDT,BAN,PERPETUAL,USDT,TRADING,2024-11-18 11:30:00+00:00,7,0,16486845.55855,0.14892,True,
DEGENUSDT,DEGEN,PERPETUAL,USDT,TRADING,2024-11-15 11:30:00+00:00,7,0,16453269.0566459,0.0008271,True,
SPXUSDT,SPX,PERPETUAL,USDT,TRADING,2024-12-10 12:45:00+00:00,7,0,16284033.1534,0.3512,True,
ALGOUSDT,ALGO,PERPETUAL,USDT,TRADING,2019-09-25 08:00:00+00:00,4,1,16198999.5134,0.0971,True,
SUSDT,S,PERPETUAL,USDT,TRADING,2025-01-16 10:00:00+00:00,7,0,15899538.4608,0.04936,True,
TRUMPUSDC,TRUMP,PERPETUAL,USDC,TRADING,2025-03-06 10:00:00+00:00,6,2,15730123.38559,3.838,True,
AVAXUSDC,AVAX,PERPETUAL,USDC,TRADING,2024-03-20 07:00:00+00:00,6,2,15703014.80319,10.457,True,
MUSDT,M,PERPETUAL,USDT,TRADING,2025-07-07 09:30:00+00:00,7,0,15653336.7082,1.6641,True,
CHZUSDT,CHZ,PERPETUAL,USDT,TRADING,2021-01-21 07:00:00+00:00,5,0,15507044.77261,0.03963,True,
币安人生USDT,币安人生,PERPETUAL,USDT,TRADING,2025-10-20 11:00:00+00:00,7,0,15320219.76785,0.06337,True,
ENSUSDT,ENS,PERPETUAL,USDT,TRADING,2021-11-29 07:00:00+00:00,3,1,15302390.795,6.79,True,
DENTUSDT,DENT,PERPETUAL,USDT,TRADING,2021-03-23 07:00:00+00:00,6,0,14330988.466195,0.000226,True,
STRKUSDT,STRK,PERPETUAL,USDT,TRADING,2024-02-20 17:00:00+00:00,7,1,14330979.68012,0.04118,True,
ETHFIUSDT,ETHFI,PERPETUAL,USDT,TRADING,2024-03-18 15:30:00+00:00,7,1,14048877.14348,0.5789,True,
SKYUSDT,SKY,PERPETUAL,USDT,TRADING,2025-09-09 07:00:00+00:00,7,0,13944235.87061,0.07786,True,
KASUSDT,KAS,PERPETUAL,USDT,TRADING,2023-11-17 02:00:00+00:00,7,0,13582898.5829,0.03381,True,
PENDLEUSDT,PENDLE,PERPETUAL,USDT,TRADING,2023-07-28 02:30:00+00:00,7,0,13518938.4936,1.3708,True,
ORDIUSDT,ORDI,PERPETUAL,USDT,TRADING,2023-11-07 12:30:00+00:00,6,1,13021288.1947,2.762,True,
NAORISUSDT,NAORIS,PERPETUAL,USDT,TRADING,2025-07-31 12:30:00+00:00,7,0,12828859.26399,0.05814,True,
PARTIUSDT,PARTI,PERPETUAL,USDT,TRADING,2025-03-25 13:00:00+00:00,7,0,12790900.63311,0.09202,True,
BBUSDT,BB,PERPETUAL,USDT,TRADING,2024-05-13 12:30:00+00:00,7,0,12787498.53978,0.02887,True,
PNUTUSDT,PNUT,PERPETUAL,USDT,TRADING,2024-11-11 12:15:00+00:00,7,0,12754151.15021,0.04995,True,
WUSDT,W,PERPETUAL,USDT,TRADING,2024-04-03 15:30:00+00:00,7,1,12515233.600729,0.01788,True,
STABLEUSDT,STABLE,PERPETUAL,USDT,TRADING,2025-11-06 12:00:00+00:00,7,0,12475824.66418,0.02753,True,
ARUSDT,AR,PERPETUAL,USDT,TRADING,2021-09-28 07:00:00+00:00,3,1,11490245.371,1.92,True,
FILUSDC,FIL,PERPETUAL,USDC,TRADING,2024-04-18 07:30:00+00:00,7,1,11349750.1727,0.971,True,
AVNTUSDT,AVNT,PERPETUAL,USDT,TRADING,2025-09-09 15:00:00+00:00,7,0,10958928.3062,0.1662,True,
ENAUSDC,ENA,PERPETUAL,USDC,TRADING,2024-05-02 07:00:00+00:00,7,0,10780410.8785,0.1182,True,
NEARUSDC,NEAR,PERPETUAL,USDC,TRADING,2024-04-11 07:15:00+00:00,4,0,10528152.24,1.46,True,
DUSKUSDT,DUSK,PERPETUAL,USDT,TRADING,2022-01-06 07:00:00+00:00,5,0,10452909.54743,0.09578,True,
BCHUSDC,BCH,PERPETUAL,USDC,TRADING,2024-04-04 07:00:00+00:00,2,3,10317215.19,476.49,True,
ARCUSDT,ARC,PERPETUAL,USDT,TRADING,2025-01-17 13:00:00+00:00,7,0,10283735.2348,0.04318,True,
MORPHOUSDT,MORPHO,PERPETUAL,USDT,TRADING,2024-11-27 14:30:00+00:00,7,1,10219402.25014,1.8007,True,
SNXUSDT,SNX,PERPETUAL,USDT,TRADING,2019-09-25 08:00:00+00:00,3,1,10207542.096,0.329,True,
LTCUSDC,LTC,PERPETUAL,USDC,TRADING,2024-04-11 07:00:00+00:00,2,3,10197668.55,58.59,True,
ALPACAUSDT,ALPACA,PERPETUAL,USDT,SETTLING,2024-08-22 10:30:00+00:00,7,0,2911352253.74508,1.19,False,status_not_trading
XAGUSDT,XAG,TRADIFI_PERPETUAL,USDT,TRADING,2026-01-07 10:00:00+00:00,4,3,1553731018.5052,81.33,False,contract_type_not_allowed
XAUUSDT,XAU,TRADIFI_PERPETUAL,USDT,TRADING,2025-12-11 08:05:00+00:00,2,3,1016864993.63,5023.19,False,contract_type_not_allowed
BNXUSDT,BNX,PERPETUAL,USDT,SETTLING,2023-02-22 07:00:00+00:00,6,1,492004952.04499,2.0,False,status_not_trading
ALPHAUSDT,ALPHA,PERPETUAL,USDT,SETTLING,2019-09-25 08:00:00+00:00,5,0,370575971.69449,0.02027,False,status_not_trading
PORT3USDT,PORT3,PERPETUAL,USDT,SETTLING,2025-06-04 08:45:00+00:00,7,0,200374788.21369,0.01182,False,status_not_trading
CFGUSDT,CFG,PERPETUAL,USDT,TRADING,2026-03-16 13:00:00+00:00,7,0,167867953.3878,0.1625,False,insufficient_history
UXLINKUSDT,UXLINK,PERPETUAL,USDT,SETTLING,2024-09-15 15:00:00+00:00,7,0,116838214.8908,0.0729,False,status_not_trading
VIDTUSDT,VIDT,PERPETUAL,USDT,SETTLING,2024-08-23 09:30:00+00:00,7,0,116094468.40266,0.00293,False,status_not_trading
SXPUSDT,SXP,PERPETUAL,USDT,SETTLING,2019-09-25 08:00:00+00:00,4,1,114647898.4085,0.0656,False,status_not_trading
AGIXUSDT,AGIX,PERPETUAL,USDT,SETTLING,2023-02-15 07:00:00+00:00,7,0,113687318.3536,0.7009,False,status_not_trading
LINAUSDT,LINA,PERPETUAL,USDT,SETTLING,2021-03-17 07:00:00+00:00,6,1,86817665.678621,0.000742,False,status_not_trading
MEMEFIUSDT,MEMEFI,PERPETUAL,USDT,SETTLING,2025-04-25 07:15:00+00:00,7,0,86505432.148509,0.002201,False,status_not_trading
LEVERUSDT,LEVER,PERPETUAL,USDT,SETTLING,2023-03-29 00:00:00+00:00,7,0,84688815.4293736,0.0001125,False,status_not_trading
NEIROETHUSDT,NEIROETH,PERPETUAL,USDT,SETTLING,2024-09-06 14:00:00+00:00,7,0,83925618.84424,0.00863,False,status_not_trading
FTMUSDT,FTM,PERPETUAL,USDT,SETTLING,2019-09-25 08:00:00+00:00,6,0,80303756.7992,0.7702,False,status_not_trading
WAVESUSDT,WAVES,PERPETUAL,USDT,SETTLING,2019-09-25 08:00:00+00:00,4,1,72794064.7423,1.3355,False,status_not_trading
OMNIUSDT,OMNI,PERPETUAL,USDT,SETTLING,2024-04-17 14:00:00+00:00,4,2,67820986.7876,4.274,False,status_not_trading
YALAUSDT,YALA,PERPETUAL,USDT,SETTLING,2025-08-07 16:30:00+00:00,7,0,66841744.3618888,0.0144086,False,status_not_trading
AMBUSDT,AMB,PERPETUAL,USDT,SETTLING,2023-03-29 00:00:00+00:00,7,0,66723120.397096,0.001188,False,status_not_trading
BSWUSDT,BSW,PERPETUAL,USDT,SETTLING,2024-09-05 06:00:00+00:00,7,0,65917286.29962,0.0122,False,status_not_trading
OCEANUSDT,OCEAN,PERPETUAL,USDT,SETTLING,2019-09-25 08:00:00+00:00,5,0,65841451.8651,0.707,False,status_not_trading
CRCLUSDT,CRCL,TRADIFI_PERPETUAL,USDT,TRADING,2026-02-09 14:50:00+00:00,5,2,61285930.9279,128.73,False,contract_type_not_allowed
STRAXUSDT,STRAX,PERPETUAL,USDT,SETTLING,2023-10-11 02:30:00+00:00,7,0,57366886.5831,1.4174,False,status_not_trading
RENUSDT,REN,PERPETUAL,USDT,SETTLING,2019-09-25 08:00:00+00:00,5,0,53068149.60736,0.048,False,status_not_trading
UNFIUSDT,UNFI,PERPETUAL,USDT,SETTLING,2021-02-09 07:00:00+00:00,3,1,51995348.036,1.73,False,status_not_trading
TSLAUSDT,TSLA,TRADIFI_PERPETUAL,USDT,TRADING,2026-01-28 14:30:00+00:00,5,2,51170675.6285,394.92,False,contract_type_not_allowed
ROBOUSDT,ROBO,PERPETUAL,USDT,TRADING,2026-02-27 08:45:00+00:00,7,0,46755126.86166,0.03695,False,insufficient_history
DGBUSDT,DGB,PERPETUAL,USDT,SETTLING,2021-04-19 07:00:00+00:00,5,0,45674718.93021,0.01922,False,status_not_trading
TROYUSDT,TROY,PERPETUAL,USDT,SETTLING,2024-10-31 13:00:00+00:00,7,0,44261336.491637,0.000187,False,status_not_trading
OPNUSDT,OPN,PERPETUAL,USDT,TRADING,2026-02-21 15:00:00+00:00,7,0,38525963.6374,0.3202,False,insufficient_history
HIFIUSDT,HIFI,PERPETUAL,USDT,SETTLING,2023-09-16 14:30:00+00:00,7,0,37328390.6661,0.0939,False,status_not_trading
OMUSDT,OM,PERPETUAL,USDT,SETTLING,2024-02-13 14:00:00+00:00,7,1,36033612.9050992,0.067939,False,status_not_trading
CHESSUSDT,CHESS,PERPETUAL,USDT,SETTLING,2024-08-29 07:30:00+00:00,7,0,34803123.04749,0.0185458,False,status_not_trading
BTCUSDT_260626,BTC,NEXT_QUARTER,USDT,TRADING,2025-12-26 08:00:00+00:00,1,3,34608830.9,75669.6,False,insufficient_history
42USDT,42,PERPETUAL,USDT,SETTLING,2025-10-27 10:30:00+00:00,7,0,34382770.22146,0.0272447,False,status_not_trading
SNTUSDT,SNT,PERPETUAL,USDT,SETTLING,2023-11-02 12:30:00+00:00,7,0,34068511.74593,0.03666,False,status_not_trading
MKRUSDT,MKR,PERPETUAL,USDT,SETTLING,2019-09-25 08:00:00+00:00,2,3,33171029.17,1650.1,False,status_not_trading
ESPUSDT,ESP,PERPETUAL,USDT,TRADING,2026-02-10 08:10:00+00:00,7,0,32767657.60872,0.10276,False,insufficient_history
EPTUSDT,EPT,PERPETUAL,USDT,SETTLING,2025-04-21 13:00:00+00:00,7,0,30649553.1927408,0.0016024,False,status_not_trading
TRIAUSDT,TRIA,PERPETUAL,USDT,TRADING,2026-02-06 12:15:00+00:00,7,0,30565473.53513,0.0318,False,insufficient_history
TANSSIUSDT,TANSSI,PERPETUAL,USDT,SETTLING,2025-07-09 11:30:00+00:00,7,0,28037445.47324,0.011335,False,status_not_trading
SLERFUSDT,SLERF,PERPETUAL,USDT,SETTLING,2024-11-21 11:30:00+00:00,7,0,27181680.26704,0.07059,False,status_not_trading
BLZUSDT,BLZ,PERPETUAL,USDT,SETTLING,2019-09-25 08:00:00+00:00,5,0,25839220.43774,0.06836,False,status_not_trading
MSTRUSDT,MSTR,TRADIFI_PERPETUAL,USDT,TRADING,2026-02-09 14:30:00+00:00,5,2,25832079.5012,149.1,False,contract_type_not_allowed
BAKEUSDT,BAKE,PERPETUAL,USDT,SETTLING,2021-05-18 07:00:00+00:00,4,0,24688403.6875,0.0249,False,status_not_trading
LITUSDT,LIT,PERPETUAL,USDT,TRADING,2025-12-23 17:30:00+00:00,6,1,24447773.4829,1.115,False,insufficient_history
RVVUSDT,RVV,PERPETUAL,USDT,SETTLING,2025-10-18 13:30:00+00:00,7,0,24070289.528804,0.0005075,False,status_not_trading
AZTECUSDT,AZTEC,PERPETUAL,USDT,TRADING,2026-02-11 04:30:00+00:00,7,0,22904395.26953,0.02569,False,insufficient_history
MANTRAUSDT,MANTRA,PERPETUAL,USDT,TRADING,2026-03-04 08:00:00+00:00,7,0,21205667.41019,0.01529,False,insufficient_history
COMBOUSDT,COMBO,PERPETUAL,USDT,SETTLING,2023-06-02 12:00:00+00:00,6,1,21057115.62395,0.0695,False,status_not_trading
COLLECTUSDT,COLLECT,PERPETUAL,USDT,TRADING,2025-12-31 13:15:00+00:00,7,0,20097865.19575,0.07948,False,insufficient_history
NULSUSDT,NULS,PERPETUAL,USDT,SETTLING,2024-08-26 08:30:00+00:00,7,0,19986545.1954,0.0313,False,status_not_trading
LOKAUSDT,LOKA,PERPETUAL,USDT,SETTLING,2024-09-24 11:30:00+00:00,7,0,19782534.19488,0.11323,False,status_not_trading
龙虾USDT,龙虾,PERPETUAL,USDT,TRADING,2026-03-11 11:30:00+00:00,7,0,19352491.770793,0.018398,False,insufficient_history
KEYUSDT,KEY,PERPETUAL,USDT,SETTLING,2023-05-23 00:00:00+00:00,7,0,17556005.8645187,0.0025177,False,status_not_trading
IRUSDT,IR,PERPETUAL,USDT,TRADING,2025-12-21 10:30:00+00:00,7,0,15780459.85351,0.0464,False,insufficient_history
LOOMUSDT,LOOM,PERPETUAL,USDT,SETTLING,2023-10-11 14:30:00+00:00,7,0,15017366.45818,0.08112,False,status_not_trading
XPTUSDT,XPT,TRADIFI_PERPETUAL,USDT,TRADING,2026-01-30 10:00:00+00:00,4,3,14842602.9972,2141.64,False,contract_type_not_allowed
INTCUSDT,INTC,TRADIFI_PERPETUAL,USDT,TRADING,2026-02-02 14:30:00+00:00,5,2,14827919.5396,45.94,False,contract_type_not_allowed
COINUSDT,COIN,TRADIFI_PERPETUAL,USDT,TRADING,2026-02-09 15:00:00+00:00,5,2,14307982.725,205.16,False,contract_type_not_allowed
ETHUSDT_260626,ETH,NEXT_QUARTER,USDT,TRADING,2025-12-26 08:00:00+00:00,2,3,14230781.04,2362.33,False,insufficient_history
VOXELUSDT,VOXEL,PERPETUAL,USDT,SETTLING,2024-08-20 10:30:00+00:00,7,0,14018255.2874212,0.0218588,False,status_not_trading
MDTUSDT,MDT,PERPETUAL,USDT,SETTLING,2023-06-30 12:00:00+00:00,7,0,13059404.42632,0.06331,False,status_not_trading
HOODUSDT,HOOD,TRADIFI_PERPETUAL,USDT,TRADING,2026-02-02 14:45:00+00:00,5,2,12410038.9913,76.12,False,contract_type_not_allowed
FISUSDT,FIS,PERPETUAL,USDT,SETTLING,2025-04-25 07:30:00+00:00,7,0,12367748.4079776,0.0267844,False,status_not_trading
EWYUSDT,EWY,TRADIFI_PERPETUAL,USDT,TRADING,2026-03-16 13:30:00+00:00,5,2,12206097.4778,132.2,False,contract_type_not_allowed
KLAYUSDT,KLAY,PERPETUAL,USDT,SETTLING,2021-10-11 07:00:00+00:00,4,1,11033498.747,0.1247,False,status_not_trading
OMGUSDT,OMG,PERPETUAL,USDT,SETTLING,2019-09-25 08:00:00+00:00,4,1,10920359.6502,0.291,False,status_not_trading
COMMONUSDT,COMMON,PERPETUAL,USDT,SETTLING,2025-10-27 12:30:00+00:00,7,0,10893940.6051056,0.0011143,False,status_not_trading
GWEIUSDT,GWEI,PERPETUAL,USDT,TRADING,2026-01-29 05:30:00+00:00,7,0,10359710.985763,0.041608,False,insufficient_history
BONDUSDT,BOND,PERPETUAL,USDT,SETTLING,2023-10-15 14:30:00+00:00,6,1,10318452.3471,1.069,False,status_not_trading
REEFUSDT,REEF,PERPETUAL,USDT,SETTLING,2021-01-25 07:00:00+00:00,6,0,9889331.832847,0.00088,False,status_not_trading
ARKMUSDT,ARKM,PERPETUAL,USDT,TRADING,2023-07-28 02:45:00+00:00,7,0,9887509.5173,0.1225,False,insufficient_quote_volume
GIGGLEUSDT,GIGGLE,PERPETUAL,USDT,TRADING,2025-10-09 09:45:00+00:00,5,2,9853356.1631,29.58,False,insufficient_quote_volume
SKATEUSDT,SKATE,PERPETUAL,USDT,SETTLING,2025-06-09 10:30:00+00:00,7,0,9813385.7179206,0.0051013,False,status_not_trading
XEMUSDT,XEM,PERPETUAL,USDT,SETTLING,2021-03-02 07:00:00+00:00,4,0,9727490.2775,0.0338,False,status_not_trading
DRIFTUSDT,DRIFT,PERPETUAL,USDT,TRADING,2024-11-08 16:00:00+00:00,7,0,9558244.77523,0.08836,False,insufficient_quote_volume
VETUSDT,VET,PERPETUAL,USDT,TRADING,2019-09-25 08:00:00+00:00,6,0,9549400.077024,0.00775,False,insufficient_quote_volume
LINEAUSDT,LINEA,PERPETUAL,USDT,TRADING,2025-09-01 08:30:00+00:00,7,0,9406097.033983,0.003547,False,insufficient_quote_volume
SKRUSDT,SKR,PERPETUAL,USDT,TRADING,2026-01-22 10:45:00+00:00,7,0,9291495.372389,0.02352,False,insufficient_history
STXUSDT,STX,PERPETUAL,USDT,TRADING,2023-02-20 07:00:00+00:00,7,0,9185440.0932,0.2675,False,insufficient_quote_volume
WIFUSDC,WIF,PERPETUAL,USDC,TRADING,2024-04-04 07:15:00+00:00,7,1,9144449.58346,0.1886,False,insufficient_quote_volume
SPACEUSDT,SPACE,PERPETUAL,USDT,TRADING,2026-01-23 11:45:00+00:00,7,0,8986763.678956,0.008031,False,insufficient_history
ROSEUSDT,ROSE,PERPETUAL,USDT,TRADING,2021-12-31 07:00:00+00:00,5,0,8899051.57074,0.01313,False,insufficient_quote_volume
DARUSDT,DAR,PERPETUAL,USDT,SETTLING,2022-04-28 07:00:00+00:00,4,1,8852777.7294,0.1425,False,status_not_trading
PLUMEUSDT,PLUME,PERPETUAL,USDT,TRADING,2025-03-21 13:00:00+00:00,7,0,8781046.28923,0.01336,False,insufficient_quote_volume
ZKUSDT,ZK,PERPETUAL,USDT,TRADING,2024-06-17 11:00:00+00:00,7,0,8769029.86337,0.02078,False,insufficient_quote_volume
XNYUSDT,XNY,PERPETUAL,USDT,TRADING,2025-08-13 11:45:00+00:00,7,0,8734623.036995,0.005712,False,insufficient_quote_volume
DOODUSDT,DOOD,PERPETUAL,USDT,TRADING,2025-05-09 13:30:00+00:00,7,0,8621373.353625,0.003423,False,insufficient_quote_volume
BASUSDT,BAS,PERPETUAL,USDT,TRADING,2025-08-26 13:30:00+00:00,7,0,8453481.594117,0.008473,False,insufficient_quote_volume
APEUSDT,APE,PERPETUAL,USDT,TRADING,2022-03-17 07:00:00+00:00,4,0,8361072.4088,0.1035,False,insufficient_quote_volume
AGTUSDT,AGT,PERPETUAL,USDT,TRADING,2025-05-20 10:30:00+00:00,7,0,8159236.848623,0.006142,False,insufficient_quote_volume
AIXBTUSDT,AIXBT,PERPETUAL,USDT,TRADING,2024-12-20 18:30:00+00:00,7,0,8119110.9494,0.02761,False,insufficient_quote_volume
CRVUSDC,CRV,PERPETUAL,USDC,TRADING,2024-07-04 07:00:00+00:00,7,1,8000794.22194,0.2564,False,insufficient_quote_volume
HUSDT,H,PERPETUAL,USDT,TRADING,2025-06-25 09:30:00+00:00,7,0,7983872.86339,0.12408,False,insufficient_quote_volume
VANAUSDT,VANA,PERPETUAL,USDT,TRADING,2024-12-16 13:30:00+00:00,6,2,7908958.38137,1.501,False,insufficient_quote_volume
PTBUSDT,PTB,PERPETUAL,USDT,TRADING,2025-09-03 12:30:00+00:00,7,0,7828915.807394,0.001327,False,insufficient_quote_volume
IMXUSDT,IMX,PERPETUAL,USDT,TRADING,2022-02-10 07:00:00+00:00,4,0,7807935.3462,0.1825,False,insufficient_quote_volume
GASUSDT,GAS,PERPETUAL,USDT,TRADING,2023-10-25 02:45:00+00:00,6,1,7709413.2796,1.66,False,insufficient_quote_volume
TUTUSDT,TUT,PERPETUAL,USDT,TRADING,2025-03-20 09:00:00+00:00,7,0,7581108.51657,0.01098,False,insufficient_quote_volume
GRTUSDT,GRT,PERPETUAL,USDT,TRADING,2020-12-18 07:00:00+00:00,5,0,7561822.14114,0.02777,False,insufficient_quote_volume
CUDISUSDT,CUDIS,PERPETUAL,USDT,SETTLING,2025-08-20 11:15:00+00:00,7,0,7529925.285787,0.0201095,False,status_not_trading
JELLYJELLYUSDT,JELLYJELLY,PERPETUAL,USDT,TRADING,2025-03-26 16:00:00+00:00,7,0,7527310.71982,0.05445,False,insufficient_quote_volume
GUAUSDT,GUA,PERPETUAL,USDT,TRADING,2025-12-21 10:15:00+00:00,7,0,7510968.50169,0.27812,False,insufficient_history
SHELLUSDT,SHELL,PERPETUAL,USDT,TRADING,2025-02-17 17:15:00+00:00,7,0,7498072.14983,0.03496,False,insufficient_quote_volume
TAUSDT,TA,PERPETUAL,USDT,TRADING,2025-07-21 07:30:00+00:00,7,0,7490759.91666,0.04276,False,insufficient_quote_volume
AAVEUSDC,AAVE,PERPETUAL,USDC,TRADING,2025-06-16 08:30:00+00:00,3,1,7477913.626,122.6,False,insufficient_quote_volume
TRBUSDT,TRB,PERPETUAL,USDT,TRADING,2019-09-25 08:00:00+00:00,3,1,7429985.609,17.074,False,insufficient_quote_volume
CCUSDT,CC,PERPETUAL,USDT,TRADING,2025-10-31 12:00:00+00:00,7,0,7335762.20378,0.1548,False,insufficient_quote_volume
BTCDOMUSDT,BTCDOM,PERPETUAL,USDT,TRADING,2021-06-17 07:00:00+00:00,1,3,7264298.8,5010.3,False,insufficient_quote_volume
MANAUSDT,MANA,PERPETUAL,USDT,TRADING,2021-03-14 07:00:00+00:00,4,0,7253668.8319,0.0971,False,insufficient_quote_volume
ACXUSDT,ACX,PERPETUAL,USDT,TRADING,2024-12-06 15:00:00+00:00,7,1,7162784.079073,0.04158,False,insufficient_quote_volume
0GUSDT,0G,PERPETUAL,USDT,TRADING,2025-09-17 15:45:00+00:00,7,0,7158953.228,0.5919,False,insufficient_quote_volume
DEXEUSDT,DEXE,PERPETUAL,USDT,TRADING,2024-12-24 11:30:00+00:00,6,2,7148552.4139,5.101,False,insufficient_quote_volume
1000BONKUSDC,1000BONK,PERPETUAL,USDC,TRADING,2024-05-02 07:00:00+00:00,7,0,6999968.043688,0.0066,False,insufficient_quote_volume
NILUSDT,NIL,PERPETUAL,USDT,TRADING,2025-03-24 13:00:00+00:00,6,1,6991634.302025,0.05667,False,insufficient_quote_volume
KMNOUSDT,KMNO,PERPETUAL,USDT,TRADING,2024-12-20 19:00:00+00:00,7,0,6938800.89659,0.02263,False,insufficient_quote_volume
FUSDT,F,PERPETUAL,USDT,TRADING,2025-06-18 12:45:00+00:00,7,0,6911665.220826,0.006255,False,insufficient_quote_volume
ATHUSDT,ATH,PERPETUAL,USDT,TRADING,2025-04-02 15:45:00+00:00,7,0,6911493.669757,0.00665,False,insufficient_quote_volume
PEOPLEUSDT,PEOPLE,PERPETUAL,USDT,TRADING,2021-12-23 07:00:00+00:00,5,0,6903505.49713,0.00749,False,insufficient_quote_volume
PHAUSDT,PHA,PERPETUAL,USDT,TRADING,2024-12-30 11:30:00+00:00,7,0,6893717.32019,0.03059,False,insufficient_quote_volume
BIRBUSDT,BIRB,PERPETUAL,USDT,TRADING,2026-01-29 05:15:00+00:00,7,0,6822265.56637,0.17745,False,insufficient_history
XPDUSDT,XPD,TRADIFI_PERPETUAL,USDT,TRADING,2026-01-30 10:15:00+00:00,4,3,6815757.3764,1620.83,False,contract_type_not_allowed
JASMYUSDT,JASMY,PERPETUAL,USDT,TRADING,2022-04-19 07:00:00+00:00,6,0,6781338.960268,0.00611,False,insufficient_quote_volume
CYSUSDT,CYS,PERPETUAL,USDT,TRADING,2025-12-12 11:00:00+00:00,7,0,6759291.9568,0.4712,False,insufficient_quote_volume
ZKPUSDT,ZKP,PERPETUAL,USDT,TRADING,2025-12-21 10:00:00+00:00,7,0,6688096.28274,0.08804,False,insufficient_history
DYDXUSDT,DYDX,PERPETUAL,USDT,TRADING,2021-09-09 07:00:00+00:00,3,1,6679245.991,0.094,False,insufficient_quote_volume
MOVEUSDT,MOVE,PERPETUAL,USDT,TRADING,2024-12-09 14:00:00+00:00,7,0,6650564.49873,0.0226,False,insufficient_quote_volume
LAUSDT,LA,PERPETUAL,USDT,TRADING,2025-06-05 09:00:00+00:00,6,1,6565311.37462,0.2341,False,insufficient_quote_volume
COMPUSDT,COMP,PERPETUAL,USDT,TRADING,2019-09-25 08:00:00+00:00,2,3,6513606.75,19.57,False,insufficient_quote_volume
GLMRUSDT,GLMR,PERPETUAL,USDT,SETTLING,2023-09-26 01:30:00+00:00,7,0,6498856.25466,0.2592,False,status_not_trading
ZAMAUSDT,ZAMA,PERPETUAL,USDT,TRADING,2026-01-09 09:00:00+00:00,7,0,6457379.42736,0.02241,False,insufficient_history
MEMEUSDT,MEME,PERPETUAL,USDT,TRADING,2023-11-03 12:00:00+00:00,7,0,6372885.3166899,0.0006273,False,insufficient_quote_volume
PYTHUSDT,PYTH,PERPETUAL,USDT,TRADING,2023-11-22 14:30:00+00:00,7,0,6323154.93141,0.05015,False,insufficient_quote_volume
BREVUSDT,BREV,PERPETUAL,USDT,TRADING,2025-12-30 10:45:00+00:00,7,0,6224142.1453,0.1388,False,insufficient_history
MILKUSDT,MILK,PERPETUAL,USDT,SETTLING,2025-05-06 13:45:00+00:00,7,0,6202620.77018,0.01008,False,status_not_trading
RADUSDT,RAD,PERPETUAL,USDT,SETTLING,2023-05-09 00:00:00+00:00,6,0,6187462.7668,1.6874,False,status_not_trading
COPPERUSDT,COPPER,TRADIFI_PERPETUAL,USDT,TRADING,2026-03-06 09:00:00+00:00,5,1,6181679.2027,5.838,False,contract_type_not_allowed
ICNTUSDT,ICNT,PERPETUAL,USDT,TRADING,2025-07-03 13:00:00+00:00,7,0,6131412.9972,0.4073,False,insufficient_quote_volume
BULLAUSDT,BULLA,PERPETUAL,USDT,TRADING,2025-07-04 09:00:00+00:00,7,0,6113918.73643,0.00835,False,insufficient_quote_volume
CYBERUSDT,CYBER,PERPETUAL,USDT,TRADING,2023-08-21 12:00:00+00:00,6,1,6066544.91426,0.5749,False,insufficient_quote_volume
FLMUSDT,FLM,PERPETUAL,USDT,SETTLING,2019-09-25 08:00:00+00:00,4,0,6048396.4552,0.0082,False,status_not_trading
XTZUSDT,XTZ,PERPETUAL,USDT,TRADING,2019-09-25 08:00:00+00:00,3,1,6042397.269,0.397,False,insufficient_quote_volume
FORMUSDT,FORM,PERPETUAL,USDT,TRADING,2025-03-19 08:00:00+00:00,6,1,6029958.92755,0.2836,False,insufficient_quote_volume
SYRUPUSDT,SYRUP,PERPETUAL,USDT,TRADING,2025-05-07 08:30:00+00:00,7,0,6006108.34483,0.27167,False,insufficient_quote_volume
ZILUSDT,ZIL,PERPETUAL,USDT,TRADING,2019-09-25 08:00:00+00:00,5,0,5982437.14172,0.00439,False,insufficient_quote_volume
STGUSDT,STG,PERPETUAL,USDT,TRADING,2022-08-24 07:00:00+00:00,7,0,5944057.3408,0.1975,False,insufficient_quote_volume
AEROUSDT,AERO,PERPETUAL,USDT,TRADING,2024-12-04 14:15:00+00:00,7,1,5899858.24348,0.3568,False,insufficient_quote_volume
KSMUSDT,KSM,PERPETUAL,USDT,TRADING,2019-09-25 08:00:00+00:00,3,1,5871845.03,4.79,False,insufficient_quote_volume
BIGTIMEUSDT,BIGTIME,PERPETUAL,USDT,TRADING,2023-10-12 14:30:00+00:00,7,0,5768616.52577,0.0144,False,insufficient_quote_volume
BSVUSDT,BSV,PERPETUAL,USDT,TRADING,2023-10-20 12:30:00+00:00,5,1,5724656.528,15.61,False,insufficient_quote_volume
WLDUSDC,WLD,PERPETUAL,USDC,TRADING,2024-03-14 07:00:00+00:00,7,1,5721814.50429,0.3964,False,insufficient_quote_volume
KATUSDT,KAT,PERPETUAL,USDT,TRADING,2026-03-02 05:00:00+00:00,7,0,5670129.12647,0.01464,False,insufficient_history
THETAUSDT,THETA,PERPETUAL,USDT,TRADING,2019-09-25 08:00:00+00:00,4,1,5665050.4655,0.188,False,insufficient_quote_volume
REIUSDT,REI,PERPETUAL,USDT,SETTLING,2024-09-27 11:00:00+00:00,7,0,5650676.7422392,0.0056533,False,status_not_trading
BADGERUSDT,BADGER,PERPETUAL,USDT,SETTLING,2023-11-09 12:30:00+00:00,6,0,5624170.0299,0.8358,False,status_not_trading
WETUSDT,WET,PERPETUAL,USDT,TRADING,2025-12-10 07:00:00+00:00,7,0,5595503.53029,0.10817,False,insufficient_quote_volume
RAVEUSDT,RAVE,PERPETUAL,USDT,TRADING,2025-12-14 15:30:00+00:00,7,0,5471658.32991,0.27244,False,insufficient_quote_volume
BATUSDT,BAT,PERPETUAL,USDT,TRADING,2019-09-25 08:00:00+00:00,4,1,5448438.7944,0.1089,False,insufficient_quote_volume
PLTRUSDT,PLTR,TRADIFI_PERPETUAL,USDT,TRADING,2026-02-09 15:10:00+00:00,5,2,5430123.7266,151.98,False,contract_type_not_allowed
IOTAUSDT,IOTA,PERPETUAL,USDT,TRADING,2019-09-25 08:00:00+00:00,4,1,5371488.795,0.0669,False,insufficient_quote_volume
JTOUSDT,JTO,PERPETUAL,USDT,TRADING,2023-12-08 10:00:00+00:00,6,0,5361469.4734,0.2945,False,insufficient_quote_volume
1000LUNCUSDT,1000LUNC,PERPETUAL,USDT,TRADING,2022-09-08 07:00:00+00:00,7,0,5291635.42642,0.0428,False,insufficient_quote_volume
LABUSDT,LAB,PERPETUAL,USDT,TRADING,2025-10-17 14:30:00+00:00,7,0,5277933.64921,0.20825,False,insufficient_quote_volume
BANANAUSDT,BANANA,PERPETUAL,USDT,TRADING,2024-08-15 02:00:00+00:00,7,1,5266347.7044,4.16,False,insufficient_quote_volume
BRETTUSDT,BRETT,PERPETUAL,USDT,TRADING,2024-08-20 10:35:00+00:00,7,0,5265574.948102,0.008211,False,insufficient_quote_volume
ACHUSDT,ACH,PERPETUAL,USDT,TRADING,2023-02-21 07:00:00+00:00,7,0,5218846.365547,0.007501,False,insufficient_quote_volume
LPTUSDT,LPT,PERPETUAL,USDT,TRADING,2021-11-10 07:00:00+00:00,3,1,5214070.723,2.419,False,insufficient_quote_volume
RAYSOLUSDT,RAYSOL,PERPETUAL,USDT,TRADING,2024-12-10 12:00:00+00:00,7,1,5168023.17105,0.6574,False,insufficient_quote_volume
ALLOUSDT,ALLO,PERPETUAL,USDT,TRADING,2025-11-11 14:00:00+00:00,7,0,5131282.18288,0.12375,False,insufficient_quote_volume
DEFIUSDT,DEFI,PERPETUAL,USDT,SETTLING,2019-09-25 08:00:00+00:00,1,3,5109389.6,930.0,False,status_not_trading
IOUSDT,IO,PERPETUAL,USDT,TRADING,2024-06-11 14:00:00+00:00,7,1,4990094.32159,0.1232,False,insufficient_quote_volume
YGGUSDT,YGG,PERPETUAL,USDT,TRADING,2023-08-05 03:30:00+00:00,7,0,4951350.77275,0.04115,False,insufficient_quote_volume
RUNEUSDT,RUNE,PERPETUAL,USDT,TRADING,2019-09-25 08:00:00+00:00,4,0,4950493.3329,0.457,False,insufficient_quote_volume
POPCATUSDT,POPCAT,PERPETUAL,USDT,TRADING,2024-08-22 13:00:00+00:00,7,0,4940969.13365,0.05821,False,insufficient_quote_volume
AMZNUSDT,AMZN,TRADIFI_PERPETUAL,USDT,TRADING,2026-02-09 14:40:00+00:00,5,2,4866573.9004,211.23,False,contract_type_not_allowed
PENGUUSDC,PENGU,PERPETUAL,USDC,TRADING,2025-07-23 07:30:00+00:00,7,0,4851234.126629,0.008045,False,insufficient_quote_volume
NKNUSDT,NKN,PERPETUAL,USDT,SETTLING,2021-04-08 07:00:00+00:00,5,0,4848895.41413,0.00561,False,status_not_trading
1INCHUSDT,1INCH,PERPETUAL,USDT,TRADING,2020-12-25 07:00:00+00:00,4,0,4843333.7019,0.104,False,insufficient_quote_volume
STEEMUSDT,STEEM,PERPETUAL,USDT,TRADING,2023-11-08 14:30:00+00:00,6,0,4792038.61454,0.06466,False,insufficient_quote_volume
ARBUSDC,ARB,PERPETUAL,USDC,TRADING,2024-04-18 07:00:00+00:00,6,1,4791440.21604,0.11,False,insufficient_quote_volume
ORCAUSDT,ORCA,PERPETUAL,USDT,TRADING,2024-12-06 15:00:00+00:00,7,1,4748919.4469,0.976,False,insufficient_quote_volume
SUSHIUSDT,SUSHI,PERPETUAL,USDT,TRADING,2019-09-25 08:00:00+00:00,4,0,4744931.0298,0.2232,False,insufficient_quote_volume
ORBSUSDT,ORBS,PERPETUAL,USDT,SETTLING,2023-10-17 06:00:00+00:00,7,0,4744389.826334,0.035157,False,status_not_trading
ESPORTSUSDT,ESPORTS,PERPETUAL,USDT,TRADING,2025-07-29 10:00:00+00:00,7,0,4666979.12352,0.34439,False,insufficient_quote_volume
MUBARAKUSDT,MUBARAK,PERPETUAL,USDT,TRADING,2025-03-17 13:45:00+00:00,7,0,4639307.45888,0.01568,False,insufficient_quote_volume
GUNUSDT,GUN,PERPETUAL,USDT,TRADING,2025-03-31 13:00:00+00:00,7,0,4556957.66462,0.01703,False,insufficient_quote_volume
UNIUSDC,UNI,PERPETUAL,USDC,TRADING,2025-06-16 08:45:00+00:00,4,0,4555184.88,4.127,False,insufficient_quote_volume
METUSDT,MET,PERPETUAL,USDT,TRADING,2025-10-11 12:30:00+00:00,7,0,4553387.8598,0.1714,False,insufficient_quote_volume
BALUSDT,BAL,PERPETUAL,USDT,SETTLING,2019-09-25 08:00:00+00:00,3,1,4464711.842,0.829,False,status_not_trading
ONTUSDT,ONT,PERPETUAL,USDT,TRADING,2019-09-25 08:00:00+00:00,4,1,4452789.1401,0.044,False,insufficient_quote_volume
EGLDUSDT,EGLD,PERPETUAL,USDT,TRADING,2019-09-25 08:00:00+00:00,3,1,4405310.902,4.422,False,insufficient_quote_volume
ZRCUSDT,ZRC,PERPETUAL,USDT,SETTLING,2025-07-29 09:45:00+00:00,7,0,4378283.5425322,0.0031381,False,status_not_trading
INITUSDT,INIT,PERPETUAL,USDT,TRADING,2025-04-16 06:30:00+00:00,7,0,4373957.26854,0.08938,False,insufficient_quote_volume
GMTUSDT,GMT,PERPETUAL,USDT,TRADING,2022-03-14 07:00:00+00:00,5,0,4366343.70285,0.01188,False,insufficient_quote_volume
NOTUSDT,NOT,PERPETUAL,USDT,TRADING,2024-05-16 14:00:00+00:00,7,0,4328834.086438,0.000424,False,insufficient_quote_volume
SKYAIUSDT,SKYAI,PERPETUAL,USDT,TRADING,2025-05-13 09:45:00+00:00,7,0,4316146.25788,0.05006,False,insufficient_quote_volume
LAYERUSDT,LAYER,PERPETUAL,USDT,TRADING,2025-02-11 15:45:00+00:00,6,1,4296863.523305,0.08947,False,insufficient_quote_volume
PIEVERSEUSDT,PIEVERSE,PERPETUAL,USDT,TRADING,2025-11-14 11:30:00+00:00,7,0,4296859.8202,0.5254,False,insufficient_quote_volume
OGNUSDT,OGN,PERPETUAL,USDT,TRADING,2021-03-31 07:00:00+00:00,4,0,4276655.4556,0.0239,False,insufficient_quote_volume
STMXUSDT,STMX,PERPETUAL,USDT,SETTLING,2021-03-17 07:00:00+00:00,5,0,4248092.57636,0.00388,False,status_not_trading
MINAUSDT,MINA,PERPETUAL,USDT,TRADING,2023-02-03 07:00:00+00:00,7,0,4236094.98736,0.06244,False,insufficient_quote_volume
ALTUSDT,ALT,PERPETUAL,USDT,TRADING,2024-01-25 14:00:00+00:00,7,0,4183409.214233,0.008025,False,insufficient_quote_volume
QTUMUSDT,QTUM,PERPETUAL,USDT,TRADING,2019-09-25 08:00:00+00:00,3,1,4125548.943,0.947,False,insufficient_quote_volume
KAITOUSDT,KAITO,PERPETUAL,USDT,TRADING,2025-02-20 13:00:00+00:00,6,1,4101872.69044,0.3697,False,insufficient_quote_volume
1MBABYDOGEUSDT,1MBABYDOGE,PERPETUAL,USDT,TRADING,2024-09-16 11:35:00+00:00,7,0,4089943.7705238,0.0004495,False,insufficient_quote_volume
FXSUSDT,FXS,PERPETUAL,USDT,SETTLING,2023-01-19 07:00:00+00:00,6,1,4045217.737404,0.649002,False,status_not_trading
AGLDUSDT,AGLD,PERPETUAL,USDT,TRADING,2023-07-29 02:30:00+00:00,7,0,4040835.4331,0.2495,False,insufficient_quote_volume
我踏马来了USDT,我踏马来了,PERPETUAL,USDT,TRADING,2026-01-21 14:30:00+00:00,7,0,4039925.488321,0.008106,False,insufficient_history
MYROUSDT,MYRO,PERPETUAL,USDT,SETTLING,2024-03-05 08:30:00+00:00,7,0,4016063.57685,0.01001,False,status_not_trading
GHSTUSDT,GHST,PERPETUAL,USDT,SETTLING,2024-09-23 13:00:00+00:00,7,0,3982589.9436,0.083525,False,status_not_trading
HBARUSDC,HBAR,PERPETUAL,USDC,TRADING,2025-03-07 10:15:00+00:00,7,0,3925368.26058,0.10073,False,insufficient_quote_volume
2ZUSDT,2Z,PERPETUAL,USDT,TRADING,2025-10-02 12:30:00+00:00,7,0,3910207.80595,0.08201,False,insufficient_quote_volume
TOSHIUSDT,TOSHI,PERPETUAL,USDT,TRADING,2025-09-17 05:30:00+00:00,7,0,3879752.1959473,0.000229,False,insufficient_quote_volume
API3USDT,API3,PERPETUAL,USDT,TRADING,2022-02-21 07:00:00+00:00,4,1,3861518.1995,0.2975,False,insufficient_quote_volume
1000XUSDT,1000X,PERPETUAL,USDT,SETTLING,2024-11-13 12:30:00+00:00,7,0,3854733.07023,0.02555,False,status_not_trading
MBOXUSDT,MBOX,PERPETUAL,USDT,TRADING,2024-08-28 09:30:00+00:00,7,0,3851211.55353,0.01801,False,insufficient_quote_volume
ATUSDT,AT,PERPETUAL,USDT,TRADING,2025-10-29 11:30:00+00:00,7,0,3849671.79251,0.14643,False,insufficient_quote_volume
GPSUSDT,GPS,PERPETUAL,USDT,TRADING,2025-02-17 17:00:00+00:00,7,0,3776365.250703,0.008532,False,insufficient_quote_volume
DEEPUSDT,DEEP,PERPETUAL,USDT,TRADING,2025-04-22 08:30:00+00:00,7,0,3774400.11152,0.03632,False,insufficient_quote_volume
XAIUSDT,XAI,PERPETUAL,USDT,TRADING,2024-01-09 14:00:00+00:00,7,0,3748228.8531,0.0109,False,insufficient_quote_volume
EULUSDT,EUL,PERPETUAL,USDT,TRADING,2025-10-13 14:30:00+00:00,6,1,3747140.4569,1.014,False,insufficient_quote_volume
RSRUSDT,RSR,PERPETUAL,USDT,TRADING,2019-09-25 08:00:00+00:00,6,0,3743933.332301,0.001815,False,insufficient_quote_volume
FHEUSDT,FHE,PERPETUAL,USDT,TRADING,2025-04-12 15:00:00+00:00,7,0,3717266.09722,0.02052,False,insufficient_quote_volume
QNTUSDT,QNT,PERPETUAL,USDT,TRADING,2022-10-18 07:00:00+00:00,6,1,3665419.01,69.32,False,insufficient_quote_volume
AUCTIONUSDT,AUCTION,PERPETUAL,USDT,TRADING,2023-12-15 13:00:00+00:00,6,2,3656776.23974,4.91,False,insufficient_quote_volume
HOMEUSDT,HOME,PERPETUAL,USDT,TRADING,2025-06-10 11:30:00+00:00,7,0,3641107.297105,0.022965,False,insufficient_quote_volume
PLAYUSDT,PLAY,PERPETUAL,USDT,TRADING,2025-07-31 09:30:00+00:00,7,0,3624556.37931,0.03326,False,insufficient_quote_volume
TAGUSDT,TAG,PERPETUAL,USDT,TRADING,2025-07-25 11:15:00+00:00,7,0,3609046.934276,0.000636,False,insufficient_quote_volume
BLUAIUSDT,BLUAI,PERPETUAL,USDT,TRADING,2025-10-21 11:30:00+00:00,7,0,3575021.610664,0.006206,False,insufficient_quote_volume
XVGUSDT,XVG,PERPETUAL,USDT,TRADING,2023-07-05 12:00:00+00:00,7,0,3569167.865275,0.005536,False,insufficient_quote_volume
KERNELUSDT,KERNEL,PERPETUAL,USDT,TRADING,2025-04-14 12:00:00+00:00,7,0,3533317.44019,0.09753,False,insufficient_quote_volume
KAVAUSDT,KAVA,PERPETUAL,USDT,TRADING,2019-09-25 08:00:00+00:00,4,1,3509482.8457,0.0597,False,insufficient_quote_volume
USDCUSDT,USDC,PERPETUAL,USDT,TRADING,2023-03-12 00:00:00+00:00,7,0,3487944.324466,0.999383,False,insufficient_quote_volume
AUSDT,A,PERPETUAL,USDT,TRADING,2025-05-28 08:00:00+00:00,7,0,3481167.91199,0.08432,False,insufficient_quote_volume
BROCCOLI714USDT,BROCCOLI714,PERPETUAL,USDT,TRADING,2025-03-21 09:00:00+00:00,7,0,3476707.42924,0.01471,False,insufficient_quote_volume
MERLUSDT,MERL,PERPETUAL,USDT,TRADING,2025-05-29 08:30:00+00:00,7,0,3457081.89258,0.0372,False,insufficient_quote_volume
TOWNSUSDT,TOWNS,PERPETUAL,USDT,TRADING,2025-08-05 14:30:00+00:00,7,0,3453320.659179,0.004197,False,insufficient_quote_volume
XCNUSDT,XCN,PERPETUAL,USDT,SETTLING,2025-04-11 15:30:00+00:00,7,0,3438271.114025,0.00495,False,status_not_trading
DFUSDT,DF,PERPETUAL,USDT,SETTLING,2024-12-30 11:45:00+00:00,7,0,3434013.6808638,0.0042073,False,status_not_trading
FLOCKUSDT,FLOCK,PERPETUAL,USDT,TRADING,2025-09-09 06:45:00+00:00,7,0,3432631.95431,0.06346,False,insufficient_quote_volume
FOGOUSDT,FOGO,PERPETUAL,USDT,TRADING,2026-01-10 14:00:00+00:00,7,0,3430781.8585,0.02377,False,insufficient_history
TRADOORUSDT,TRADOOR,PERPETUAL,USDT,TRADING,2025-09-19 12:30:00+00:00,7,0,3420953.303,1.894,False,insufficient_quote_volume
TIAUSDC,TIA,PERPETUAL,USDC,TRADING,2024-04-25 07:15:00+00:00,7,0,3414537.2477,0.3769,False,insufficient_quote_volume
MMTUSDT,MMT,PERPETUAL,USDT,TRADING,2025-11-04 12:00:00+00:00,7,0,3386236.0808,0.1255,False,insufficient_quote_volume
BOMEUSDC,BOME,PERPETUAL,USDC,TRADING,2024-04-25 07:00:00+00:00,7,0,3378644.8559048,0.0004757,False,insufficient_quote_volume
PUFFERUSDT,PUFFER,PERPETUAL,USDT,TRADING,2025-06-04 08:30:00+00:00,7,0,3370695.48998,0.03369,False,insufficient_quote_volume
BEAMXUSDT,BEAMX,PERPETUAL,USDT,TRADING,2023-11-17 13:30:00+00:00,7,0,3292937.769477,0.0021,False,insufficient_quote_volume
WOOUSDT,WOO,PERPETUAL,USDT,TRADING,2022-04-07 07:00:00+00:00,5,0,3274903.337,0.01988,False,insufficient_quote_volume
ZORAUSDT,ZORA,PERPETUAL,USDT,TRADING,2025-07-25 11:00:00+00:00,7,0,3254100.2921,0.01782,False,insufficient_quote_volume
DMCUSDT,DMC,PERPETUAL,USDT,SETTLING,2025-06-24 13:00:00+00:00,7,0,3249038.306719,0.000698,False,status_not_trading
SOMIUSDT,SOMI,PERPETUAL,USDT,TRADING,2025-08-25 09:30:00+00:00,7,0,3222117.4551,0.193,False,insufficient_quote_volume
CLOUSDT,CLO,PERPETUAL,USDT,TRADING,2025-10-14 11:30:00+00:00,7,0,3219008.85505,0.06811,False,insufficient_quote_volume
MEWUSDT,MEW,PERPETUAL,USDT,TRADING,2024-06-17 14:00:00+00:00,7,0,3212920.754057,0.0006747,False,insufficient_quote_volume
BDXNUSDT,BDXN,PERPETUAL,USDT,TRADING,2025-06-03 10:30:00+00:00,7,0,3203492.6422,0.00731,False,insufficient_quote_volume
BLESSUSDT,BLESS,PERPETUAL,USDT,TRADING,2025-09-23 09:30:00+00:00,7,0,3202937.953606,0.005813,False,insufficient_quote_volume
1000WHYUSDT,1000WHY,PERPETUAL,USDT,TRADING,2024-11-25 11:30:00+00:00,7,0,3198004.5018817,4.8e-06,False,insufficient_quote_volume
KAIAUSDT,KAIA,PERPETUAL,USDT,TRADING,2024-12-04 14:00:00+00:00,7,0,3178386.48683,0.0558,False,insufficient_quote_volume
STPTUSDT,STPT,PERPETUAL,USDT,SETTLING,2023-10-18 14:30:00+00:00,7,0,3140300.77239,0.05306,False,status_not_trading
LISTAUSDT,LISTA,PERPETUAL,USDT,TRADING,2024-06-20 12:30:00+00:00,7,0,3140040.46836,0.08799,False,insufficient_quote_volume
LUNA2USDT,LUNA2,PERPETUAL,USDT,TRADING,2022-09-09 07:00:00+00:00,7,0,3113181.68739,0.06471,False,insufficient_quote_volume
NTRNUSDT,NTRN,PERPETUAL,USDT,TRADING,2023-11-14 12:00:00+00:00,6,0,3105531.23066,0.00884,False,insufficient_quote_volume
1000SHIBUSDC,1000SHIB,PERPETUAL,USDC,TRADING,2024-03-28 07:00:00+00:00,7,0,3101746.016393,0.00617,False,insufficient_quote_volume
1000CHEEMSUSDT,1000CHEEMS,PERPETUAL,USDT,TRADING,2024-11-25 11:45:00+00:00,7,0,3062824.3249366,0.0005408,False,insufficient_quote_volume
TRUUSDT,TRU,PERPETUAL,USDT,TRADING,2023-03-06 07:00:00+00:00,7,0,3057329.903985,0.005828,False,insufficient_quote_volume
AKTUSDT,AKT,PERPETUAL,USDT,TRADING,2024-11-18 11:30:00+00:00,7,1,3044119.70126,0.4541,False,insufficient_quote_volume
JSTUSDT,JST,PERPETUAL,USDT,TRADING,2025-04-28 09:30:00+00:00,7,0,2945503.292408,0.054629,False,insufficient_quote_volume
ICXUSDT,ICX,PERPETUAL,USDT,TRADING,2019-09-25 08:00:00+00:00,4,0,2943538.3883,0.0373,False,insufficient_quote_volume
BTRUSDT,BTR,PERPETUAL,USDT,TRADING,2025-08-27 10:30:00+00:00,7,0,2923770.13501,0.1259,False,insufficient_quote_volume
ELSAUSDT,ELSA,PERPETUAL,USDT,TRADING,2026-01-22 07:25:00+00:00,7,0,2919716.84663,0.07852,False,insufficient_history
ZKCUSDT,ZKC,PERPETUAL,USDT,TRADING,2025-09-15 14:00:00+00:00,7,0,2919368.14112,0.0816,False,insufficient_quote_volume
MIRAUSDT,MIRA,PERPETUAL,USDT,TRADING,2025-09-26 12:00:00+00:00,7,0,2899096.228,0.08558,False,insufficient_quote_volume
DYMUSDT,DYM,PERPETUAL,USDT,TRADING,2024-02-07 07:00:00+00:00,6,1,2893565.43347,0.03735,False,insufficient_quote_volume
RPLUSDT,RPL,PERPETUAL,USDT,TRADING,2024-09-09 12:30:00+00:00,7,1,2870173.3224,2.078,False,insufficient_quote_volume
1000SATSUSDT,1000SATS,PERPETUAL,USDT,TRADING,2023-12-12 14:00:00+00:00,7,0,2864608.0118764,1.26e-05,False,insufficient_quote_volume
ASTRUSDT,ASTR,PERPETUAL,USDT,TRADING,2023-02-13 07:00:00+00:00,7,0,2847416.440985,0.008027,False,insufficient_quote_volume
INXUSDT,INX,PERPETUAL,USDT,TRADING,2026-01-30 19:00:00+00:00,7,0,2810323.171517,0.012711,False,insufficient_history
TNSRUSDT,TNSR,PERPETUAL,USDT,TRADING,2024-04-08 17:00:00+00:00,7,1,2782773.001435,0.04787,False,insufficient_quote_volume
CGPTUSDT,CGPT,PERPETUAL,USDT,TRADING,2024-12-20 19:15:00+00:00,7,0,2776638.83912,0.02386,False,insufficient_quote_volume
ZBTUSDT,ZBT,PERPETUAL,USDT,TRADING,2025-10-17 11:30:00+00:00,7,0,2768592.29284,0.07818,False,insufficient_quote_volume
AXLUSDT,AXL,PERPETUAL,USDT,TRADING,2024-03-01 15:30:00+00:00,7,1,2752792.862927,0.0579,False,insufficient_quote_volume
SOONUSDT,SOON,PERPETUAL,USDT,TRADING,2025-05-23 08:30:00+00:00,7,0,2747209.9406,0.1489,False,insufficient_quote_volume
FFUSDT,FF,PERPETUAL,USDT,TRADING,2025-09-29 13:00:00+00:00,7,0,2740053.32019,0.07487,False,insufficient_quote_volume
XVSUSDT,XVS,PERPETUAL,USDT,TRADING,2023-04-12 00:00:00+00:00,6,1,2718800.1461,3.223,False,insufficient_quote_volume
PHBUSDT,PHB,PERPETUAL,USDT,TRADING,2023-02-15 07:00:00+00:00,7,0,2716780.0275,0.1396,False,insufficient_quote_volume
SWELLUSDT,SWELL,PERPETUAL,USDT,SETTLING,2024-11-08 16:00:00+00:00,7,0,2716744.335613,0.00252,False,status_not_trading
CELOUSDT,CELO,PERPETUAL,USDT,TRADING,2021-09-26 07:00:00+00:00,3,1,2695480.742,0.081,False,insufficient_quote_volume
LRCUSDT,LRC,PERPETUAL,USDT,TRADING,2019-09-25 08:00:00+00:00,5,0,2687645.96764,0.02969,False,insufficient_quote_volume
MASKUSDT,MASK,PERPETUAL,USDT,TRADING,2021-07-16 07:00:00+00:00,4,0,2653739.9678,0.4769,False,insufficient_quote_volume
SUPERUSDT,SUPER,PERPETUAL,USDT,TRADING,2023-11-26 13:00:00+00:00,7,0,2635902.5015,0.1225,False,insufficient_quote_volume
TWTUSDT,TWT,PERPETUAL,USDT,TRADING,2023-11-03 14:30:00+00:00,6,0,2612265.2491,0.5339,False,insufficient_quote_volume
SCRTUSDT,SCRT,PERPETUAL,USDT,TRADING,2024-11-21 11:30:00+00:00,7,0,2605043.12377,0.08453,False,insufficient_quote_volume
SPKUSDT,SPK,PERPETUAL,USDT,TRADING,2025-06-17 09:00:00+00:00,7,0,2596439.94919,0.02323,False,insufficient_quote_volume
HOLOUSDT,HOLO,PERPETUAL,USDT,TRADING,2025-09-11 12:00:00+00:00,7,0,2585846.39354,0.06286,False,insufficient_quote_volume
ILVUSDT,ILV,PERPETUAL,USDT,TRADING,2023-11-10 16:30:00+00:00,5,1,2567240.8537,4.115,False,insufficient_quote_volume
SXTUSDT,SXT,PERPETUAL,USDT,TRADING,2025-05-02 08:30:00+00:00,7,0,2548283.7266,0.01858,False,insufficient_quote_volume
FIGHTUSDT,FIGHT,PERPETUAL,USDT,TRADING,2026-01-23 12:15:00+00:00,7,0,2535898.665164,0.003795,False,insufficient_history
1000RATSUSDT,1000RATS,PERPETUAL,USDT,TRADING,2023-12-15 14:00:00+00:00,7,0,2527484.13748,0.04944,False,insufficient_quote_volume
ACTUSDT,ACT,PERPETUAL,USDT,TRADING,2024-11-11 12:15:00+00:00,7,0,2522654.23491,0.0146,False,insufficient_quote_volume
NEOUSDC,NEO,PERPETUAL,USDC,TRADING,2024-04-18 07:15:00+00:00,3,3,2521897.459,2.819,False,insufficient_quote_volume
SSVUSDT,SSV,PERPETUAL,USDT,TRADING,2023-02-23 07:00:00+00:00,6,2,2514585.76062,2.954,False,insufficient_quote_volume
BLURUSDT,BLUR,PERPETUAL,USDT,TRADING,2023-04-27 00:00:00+00:00,7,0,2513985.9621,0.02073,False,insufficient_quote_volume
MOCAUSDT,MOCA,PERPETUAL,USDT,TRADING,2024-12-16 11:30:00+00:00,7,0,2508404.77853,0.01604,False,insufficient_quote_volume
YFIUSDT,YFI,PERPETUAL,USDT,TRADING,2019-09-25 08:00:00+00:00,1,3,2498750.5,2707.0,False,insufficient_quote_volume
IPUSDC,IP,PERPETUAL,USDC,TRADING,2025-03-05 10:15:00+00:00,6,1,2459900.4171,0.813,False,insufficient_quote_volume
SONICUSDT,SONIC,PERPETUAL,USDT,TRADING,2025-01-08 07:00:00+00:00,7,1,2435456.557244,0.04832,False,insufficient_quote_volume
RLCUSDT,RLC,PERPETUAL,USDT,TRADING,2019-09-25 08:00:00+00:00,4,1,2421560.7975,0.4359,False,insufficient_quote_volume
CHILLGUYUSDT,CHILLGUY,PERPETUAL,USDT,TRADING,2024-11-27 14:45:00+00:00,7,0,2407960.95699,0.01019,False,insufficient_quote_volume
ALICEUSDT,ALICE,PERPETUAL,USDT,TRADING,2021-03-15 07:00:00+00:00,3,1,2405924.571,0.121,False,insufficient_quote_volume
MELANIAUSDT,MELANIA,PERPETUAL,USDT,TRADING,2025-01-20 09:30:00+00:00,6,2,2400218.053038,0.1198,False,insufficient_quote_volume
EPICUSDT,EPIC,PERPETUAL,USDT,TRADING,2025-03-13 08:00:00+00:00,6,1,2363057.63155,0.2781,False,insufficient_quote_volume
SAFEUSDT,SAFE,PERPETUAL,USDT,TRADING,2024-10-25 12:30:00+00:00,7,0,2363053.2317,0.1136,False,insufficient_quote_volume
QUSDT,Q,PERPETUAL,USDT,TRADING,2025-09-02 07:30:00+00:00,7,0,2359580.678136,0.011979,False,insufficient_quote_volume
BIDUSDT,BID,PERPETUAL,USDT,SETTLING,2025-03-20 09:15:00+00:00,7,0,2331742.338438,0.0140784,False,status_not_trading
EDENUSDT,EDEN,PERPETUAL,USDT,TRADING,2025-09-30 11:00:00+00:00,7,0,2323987.23775,0.03943,False,insufficient_quote_volume
IDUSDT,ID,PERPETUAL,USDT,TRADING,2023-03-23 00:00:00+00:00,7,0,2321129.22374,0.04312,False,insufficient_quote_volume
NMRUSDT,NMR,PERPETUAL,USDT,TRADING,2023-06-22 12:00:00+00:00,6,1,2313059.1935,8.069,False,insufficient_quote_volume
SAGAUSDT,SAGA,PERPETUAL,USDT,TRADING,2024-04-09 10:30:00+00:00,7,1,2311957.463205,0.03431,False,insufficient_quote_volume
MAVUSDT,MAV,PERPETUAL,USDT,TRADING,2023-06-29 12:00:00+00:00,7,0,2278591.732,0.01519,False,insufficient_quote_volume
MANTAUSDT,MANTA,PERPETUAL,USDT,TRADING,2024-01-18 14:00:00+00:00,7,1,2266379.565714,0.07294,False,insufficient_quote_volume
LIGHTUSDT,LIGHT,PERPETUAL,USDT,TRADING,2025-09-27 11:30:00+00:00,7,0,2248884.2561,0.1864,False,insufficient_quote_volume
ONEUSDT,ONE,PERPETUAL,USDT,TRADING,2021-03-17 07:00:00+00:00,5,0,2247073.04991,0.0026,False,insufficient_quote_volume
COAIUSDT,COAI,PERPETUAL,USDT,TRADING,2025-09-25 07:30:00+00:00,7,0,2235397.0546,0.3273,False,insufficient_quote_volume
YBUSDT,YB,PERPETUAL,USDT,TRADING,2025-10-10 14:45:00+00:00,7,0,2210587.0465,0.1494,False,insufficient_quote_volume
IDEXUSDT,IDEX,PERPETUAL,USDT,SETTLING,2023-05-02 00:00:00+00:00,7,0,2205402.76518,0.0561,False,status_not_trading
IDOLUSDT,IDOL,PERPETUAL,USDT,TRADING,2025-07-04 09:15:00+00:00,7,0,2204944.10129,0.02581,False,insufficient_quote_volume
HYPERUSDT,HYPER,PERPETUAL,USDT,TRADING,2025-04-22 13:00:00+00:00,7,0,2180157.7292,0.0974,False,insufficient_quote_volume
WCTUSDT,WCT,PERPETUAL,USDT,TRADING,2025-04-15 11:00:00+00:00,7,0,2168128.38663,0.0618,False,insufficient_quote_volume
PROVEUSDT,PROVE,PERPETUAL,USDT,TRADING,2025-08-05 17:00:00+00:00,6,1,2153559.50342,0.2778,False,insufficient_quote_volume
OPENUSDT,OPEN,PERPETUAL,USDT,TRADING,2025-09-08 13:00:00+00:00,7,0,2144492.4616,0.158,False,insufficient_quote_volume
GOATUSDT,GOAT,PERPETUAL,USDT,TRADING,2024-10-24 13:30:00+00:00,7,0,2137519.1436,0.01991,False,insufficient_quote_volume
HIGHUSDT,HIGH,PERPETUAL,USDT,TRADING,2023-02-03 07:00:00+00:00,6,1,2134563.33834,0.1487,False,insufficient_quote_volume
LQTYUSDT,LQTY,PERPETUAL,USDT,TRADING,2023-03-08 07:00:00+00:00,6,1,2131642.50551,0.3231,False,insufficient_quote_volume
DOGSUSDT,DOGS,PERPETUAL,USDT,TRADING,2024-08-26 12:30:00+00:00,7,0,2131255.3283277,3.15e-05,False,insufficient_quote_volume
C98USDT,C98,PERPETUAL,USDT,TRADING,2021-08-23 07:00:00+00:00,4,0,2119511.0921,0.0301,False,insufficient_quote_volume
FOLKSUSDT,FOLKS,PERPETUAL,USDT,TRADING,2025-11-06 12:30:00+00:00,6,1,2062406.893,1.237,False,insufficient_quote_volume
HOTUSDT,HOT,PERPETUAL,USDT,TRADING,2021-03-30 07:00:00+00:00,6,0,2056678.123867,0.000436,False,insufficient_quote_volume
MAGICUSDT,MAGIC,PERPETUAL,USDT,TRADING,2023-01-23 07:00:00+00:00,6,1,2056495.645941,0.06736,False,insufficient_quote_volume
SAPIENUSDT,SAPIEN,PERPETUAL,USDT,TRADING,2025-08-20 17:30:00+00:00,7,0,2047557.44061,0.07978,False,insufficient_quote_volume
NOMUSDT,NOM,PERPETUAL,USDT,TRADING,2025-10-01 08:00:00+00:00,7,0,2031141.605338,0.003244,False,insufficient_quote_volume
WALUSDT,WAL,PERPETUAL,USDT,TRADING,2025-03-27 15:30:00+00:00,7,0,2020353.86371,0.08428,False,insufficient_quote_volume
UMAUSDT,UMA,PERPETUAL,USDT,TRADING,2023-05-09 00:00:00+00:00,6,0,1992022.4294,0.4592,False,insufficient_quote_volume
TLMUSDT,TLM,PERPETUAL,USDT,TRADING,2023-03-29 00:00:00+00:00,7,0,1985241.990731,0.001816,False,insufficient_quote_volume
FLUIDUSDT,FLUID,PERPETUAL,USDT,TRADING,2025-09-24 10:15:00+00:00,6,1,1972546.3315,2.551,False,insufficient_quote_volume
BICOUSDT,BICO,PERPETUAL,USDT,TRADING,2023-09-28 12:30:00+00:00,7,0,1958075.69335,0.02533,False,insufficient_quote_volume
COOKIEUSDT,COOKIE,PERPETUAL,USDT,TRADING,2025-01-07 11:30:00+00:00,7,0,1947817.76804,0.02057,False,insufficient_quote_volume
STORJUSDT,STORJ,PERPETUAL,USDT,TRADING,2019-09-25 08:00:00+00:00,4,0,1946356.221,0.1004,False,insufficient_quote_volume
CVXUSDT,CVX,PERPETUAL,USDT,TRADING,2025-07-23 11:30:00+00:00,6,1,1902721.9523,2.106,False,insufficient_quote_volume
KNCUSDT,KNC,PERPETUAL,USDT,TRADING,2019-09-25 08:00:00+00:00,5,0,1888450.2514,0.139,False,insufficient_quote_volume
RECALLUSDT,RECALL,PERPETUAL,USDT,TRADING,2025-10-15 12:30:00+00:00,7,0,1886719.58107,0.05486,False,insufficient_quote_volume
TSTUSDT,TST,PERPETUAL,USDT,TRADING,2025-02-09 13:00:00+00:00,7,0,1880558.08241,0.01052,False,insufficient_quote_volume
AIAUSDT,AIA,PERPETUAL,USDT,TRADING,2026-01-20 11:15:00+00:00,7,0,1878016.84949,0.08338,False,insufficient_history
TREEUSDT,TREE,PERPETUAL,USDT,TRADING,2025-07-29 14:00:00+00:00,7,0,1874764.84403,0.07021,False,insufficient_quote_volume
TRUSTUSDT,TRUST,PERPETUAL,USDT,TRADING,2025-11-05 09:30:00+00:00,7,0,1859980.02112,0.07417,False,insufficient_quote_volume
ACUUSDT,ACU,PERPETUAL,USDT,TRADING,2026-01-21 12:45:00+00:00,7,0,1858105.14623,0.10279,False,insufficient_history
HFTUSDT,HFT,PERPETUAL,USDT,TRADING,2023-04-05 00:00:00+00:00,7,0,1840393.3778,0.01546,False,insufficient_quote_volume
COTIUSDT,COTI,PERPETUAL,USDT,TRADING,2021-03-09 07:00:00+00:00,5,0,1840094.77886,0.01348,False,insufficient_quote_volume
SOLVUSDT,SOLV,PERPETUAL,USDT,TRADING,2025-01-17 12:15:00+00:00,7,0,1838746.210282,0.00428,False,insufficient_quote_volume
SOPHUSDT,SOPH,PERPETUAL,USDT,TRADING,2025-05-28 13:00:00+00:00,7,0,1833411.975386,0.009174,False,insufficient_quote_volume
HOOKUSDT,HOOK,PERPETUAL,USDT,TRADING,2023-01-19 07:00:00+00:00,6,1,1797543.391158,0.02246,False,insufficient_quote_volume
FIDAUSDT,FIDA,PERPETUAL,USDT,TRADING,2024-09-19 12:30:00+00:00,7,0,1765754.23724,0.01657,False,insufficient_quote_volume
WLFIUSDC,WLFI,PERPETUAL,USDC,TRADING,2025-09-08 08:30:00+00:00,7,0,1762337.2858,0.1057,False,insufficient_quote_volume
GLMUSDT,GLM,PERPETUAL,USDT,TRADING,2024-02-22 10:00:00+00:00,7,0,1758362.92797,0.13669,False,insufficient_quote_volume
AIUSDT,AI,PERPETUAL,USDT,TRADING,2024-01-08 12:30:00+00:00,6,0,1730544.73126,0.02386,False,insufficient_quote_volume
ALCHUSDT,ALCH,PERPETUAL,USDT,TRADING,2025-01-07 11:45:00+00:00,7,0,1722012.53712,0.07267,False,insufficient_quote_volume
BANDUSDT,BAND,PERPETUAL,USDT,TRADING,2019-09-25 08:00:00+00:00,4,1,1710461.229,0.2391,False,insufficient_quote_volume
COWUSDT,COW,PERPETUAL,USDT,TRADING,2024-11-06 13:30:00+00:00,7,0,1702074.0465,0.2451,False,insufficient_quote_volume
ACEUSDT,ACE,PERPETUAL,USDT,TRADING,2023-12-18 10:00:00+00:00,6,2,1702010.599821,0.1508,False,insufficient_quote_volume
SKLUSDT,SKL,PERPETUAL,USDT,TRADING,2020-08-24 07:00:00+00:00,5,0,1687814.01064,0.00703,False,insufficient_quote_volume
ETHFIUSDC,ETHFI,PERPETUAL,USDC,TRADING,2024-05-02 07:15:00+00:00,7,1,1681424.80463,0.5789,False,insufficient_quote_volume
ANKRUSDT,ANKR,PERPETUAL,USDT,TRADING,2021-01-25 07:00:00+00:00,6,0,1678670.23245,0.004584,False,insufficient_quote_volume
ENJUSDT,ENJ,PERPETUAL,USDT,TRADING,2019-09-25 08:00:00+00:00,5,0,1672447.1803,0.0192,False,insufficient_quote_volume
ARPAUSDT,ARPA,PERPETUAL,USDT,TRADING,2021-10-18 07:00:00+00:00,5,0,1668735.50841,0.01046,False,insufficient_quote_volume
INUSDT,IN,PERPETUAL,USDT,TRADING,2025-08-07 10:30:00+00:00,7,0,1662257.37761,0.07017,False,insufficient_quote_volume
4USDT,4,PERPETUAL,USDT,TRADING,2025-10-08 11:30:00+00:00,7,0,1661691.445949,0.008189,False,insufficient_quote_volume
DUSDT,D,PERPETUAL,USDT,TRADING,2025-01-09 10:00:00+00:00,7,0,1655396.91295,0.007107,False,insufficient_quote_volume
ORDIUSDC,ORDI,PERPETUAL,USDC,TRADING,2024-02-22 07:00:00+00:00,6,1,1650685.7382,2.76,False,insufficient_quote_volume
1000XECUSDT,1000XEC,PERPETUAL,USDT,TRADING,2021-09-16 07:00:00+00:00,5,0,1643402.62584,0.00749,False,insufficient_quote_volume
ZRXUSDT,ZRX,PERPETUAL,USDT,TRADING,2019-09-25 08:00:00+00:00,4,1,1643037.7499,0.1111,False,insufficient_quote_volume
TAKEUSDT,TAKE,PERPETUAL,USDT,TRADING,2025-09-03 11:15:00+00:00,7,0,1616109.59901,0.02223,False,insufficient_quote_volume
AEVOUSDT,AEVO,PERPETUAL,USDT,TRADING,2024-03-13 13:30:00+00:00,7,1,1601727.25966,0.02661,False,insufficient_quote_volume
OBOLUSDT,OBOL,PERPETUAL,USDT,SETTLING,2025-05-07 10:30:00+00:00,7,0,1579493.47287,0.0332,False,status_not_trading
TOKENUSDT,TOKEN,PERPETUAL,USDT,SETTLING,2023-11-03 15:00:00+00:00,7,0,1578511.372704,0.003817,False,status_not_trading
MOVRUSDT,MOVR,PERPETUAL,USDT,TRADING,2023-12-26 12:30:00+00:00,6,2,1565512.37418,1.332,False,insufficient_quote_volume
REDUSDT,RED,PERPETUAL,USDT,TRADING,2025-03-06 16:00:00+00:00,7,0,1564310.1663,0.1336,False,insufficient_quote_volume
PERPUSDT,PERP,PERPETUAL,USDT,SETTLING,2023-03-05 07:00:00+00:00,6,1,1561495.09146,0.0781,False,status_not_trading
RONINUSDT,RONIN,PERPETUAL,USDT,TRADING,2024-02-06 04:30:00+00:00,6,1,1554724.19584,0.0996,False,insufficient_quote_volume
FIOUSDT,FIO,PERPETUAL,USDT,TRADING,2024-09-20 11:30:00+00:00,7,0,1547691.82313,0.00811,False,insufficient_quote_volume
QUICKUSDT,QUICK,PERPETUAL,USDT,SETTLING,2024-09-06 05:00:00+00:00,7,0,1544270.46018,0.01285,False,status_not_trading
ARKUSDT,ARK,PERPETUAL,USDT,TRADING,2023-09-19 14:30:00+00:00,7,0,1543214.062,0.188,False,insufficient_quote_volume
CLANKERUSDT,CLANKER,PERPETUAL,USDT,TRADING,2025-11-12 12:00:00+00:00,5,2,1536676.9027,30.12,False,insufficient_quote_volume
USUALUSDT,USUAL,PERPETUAL,USDT,TRADING,2024-12-18 13:00:00+00:00,7,0,1533158.78439,0.01446,False,insufficient_quote_volume
DIAUSDT,DIA,PERPETUAL,USDT,TRADING,2024-10-02 12:30:00+00:00,7,0,1523446.3914,0.1968,False,insufficient_quote_volume
HEMIUSDT,HEMI,PERPETUAL,USDT,TRADING,2025-08-29 04:30:00+00:00,7,0,1520398.18111,0.00797,False,insufficient_quote_volume
SYNUSDT,SYN,PERPETUAL,USDT,TRADING,2024-08-16 12:30:00+00:00,7,0,1495571.52937,0.0508,False,insufficient_quote_volume
EDUUSDT,EDU,PERPETUAL,USDT,TRADING,2023-04-28 00:00:00+00:00,7,0,1485762.2585,0.0891,False,insufficient_quote_volume
ZEREBROUSDT,ZEREBRO,PERPETUAL,USDT,TRADING,2025-01-02 14:00:00+00:00,7,0,1479194.117726,0.008212,False,insufficient_quote_volume
FRAXUSDT,FRAX,PERPETUAL,USDT,TRADING,2026-01-15 08:00:00+00:00,7,0,1462863.2759,0.6416,False,insufficient_history
PNUTUSDC,PNUT,PERPETUAL,USDC,TRADING,2025-03-07 10:00:00+00:00,7,0,1455789.2651,0.04993,False,insufficient_quote_volume
VELVETUSDT,VELVET,PERPETUAL,USDT,TRADING,2025-07-15 09:15:00+00:00,7,0,1455428.49657,0.08476,False,insufficient_quote_volume
BIOUSDC,BIO,PERPETUAL,USDC,TRADING,2025-08-25 07:15:00+00:00,7,0,1448104.12947,0.0234,False,insufficient_quote_volume
BANKUSDT,BANK,PERPETUAL,USDT,TRADING,2025-04-18 18:30:00+00:00,7,0,1438501.85211,0.03851,False,insufficient_quote_volume
METISUSDT,METIS,PERPETUAL,USDT,TRADING,2024-03-12 08:30:00+00:00,4,2,1424399.1432,3.399,False,insufficient_quote_volume
VINEUSDT,VINE,PERPETUAL,USDT,TRADING,2025-01-24 10:00:00+00:00,7,0,1416211.75194,0.01792,False,insufficient_quote_volume
GRIFFAINUSDT,GRIFFAIN,PERPETUAL,USDT,TRADING,2025-01-02 13:30:00+00:00,7,0,1415616.480587,0.010016,False,insufficient_quote_volume
HIPPOUSDT,HIPPO,PERPETUAL,USDT,TRADING,2024-11-13 12:30:00+00:00,7,0,1392738.4690156,0.0006534,False,insufficient_quote_volume
SQDUSDT,SQD,PERPETUAL,USDT,TRADING,2025-06-11 12:45:00+00:00,7,0,1390883.80382,0.03768,False,insufficient_quote_volume
1000000MOGUSDT,1000000MOG,PERPETUAL,USDT,TRADING,2024-11-07 12:30:00+00:00,7,1,1370871.25078,0.1753,False,insufficient_quote_volume
VFYUSDT,VFY,PERPETUAL,USDT,TRADING,2025-09-30 12:00:00+00:00,7,0,1347209.93579,0.01483,False,insufficient_quote_volume
DODOXUSDT,DODOX,PERPETUAL,USDT,TRADING,2023-08-08 12:00:00+00:00,7,0,1344031.315812,0.015598,False,insufficient_quote_volume
PORTALUSDT,PORTAL,PERPETUAL,USDT,TRADING,2024-02-29 15:00:00+00:00,7,1,1332695.776755,0.01222,False,insufficient_quote_volume
SUNUSDT,SUN,PERPETUAL,USDT,TRADING,2024-08-22 13:05:00+00:00,7,0,1323475.444015,0.016726,False,insufficient_quote_volume
STOUSDT,STO,PERPETUAL,USDT,TRADING,2025-04-12 14:45:00+00:00,7,0,1322835.13156,0.06768,False,insufficient_quote_volume
OGUSDT,OG,PERPETUAL,USDT,TRADING,2025-05-12 09:00:00+00:00,6,1,1302428.6182,2.916,False,insufficient_quote_volume
TRUTHUSDT,TRUTH,PERPETUAL,USDT,TRADING,2025-10-01 12:30:00+00:00,7,0,1290548.827017,0.00959,False,insufficient_quote_volume
IOTXUSDT,IOTX,PERPETUAL,USDT,TRADING,2021-08-11 07:00:00+00:00,5,0,1285860.42382,0.00518,False,insufficient_quote_volume
MAGMAUSDT,MAGMA,PERPETUAL,USDT,TRADING,2025-12-31 13:30:00+00:00,7,0,1249926.75406,0.11099,False,insufficient_history
CHRUSDT,CHR,PERPETUAL,USDT,TRADING,2021-03-12 07:00:00+00:00,4,0,1239480.0189,0.0168,False,insufficient_quote_volume
VTHOUSDT,VTHO,PERPETUAL,USDT,TRADING,2025-01-22 09:30:00+00:00,7,0,1238283.2800256,0.0006191,False,insufficient_quote_volume
USTCUSDT,USTC,PERPETUAL,USDT,TRADING,2023-11-27 12:30:00+00:00,7,0,1233150.936278,0.005129,False,insufficient_quote_volume
PROMUSDT,PROM,PERPETUAL,USDT,TRADING,2025-01-15 12:30:00+00:00,7,1,1231722.5994,1.126,False,insufficient_quote_volume
CKBUSDT,CKB,PERPETUAL,USDT,TRADING,2023-02-27 07:00:00+00:00,7,0,1229459.861429,0.001605,False,insufficient_quote_volume
SWARMSUSDT,SWARMS,PERPETUAL,USDT,TRADING,2025-01-07 12:15:00+00:00,7,0,1224541.597794,0.007081,False,insufficient_quote_volume
TUSDT,T,PERPETUAL,USDT,TRADING,2023-01-31 07:00:00+00:00,7,0,1219529.072457,0.006819,False,insufficient_quote_volume
OXTUSDT,OXT,PERPETUAL,USDT,TRADING,2023-08-11 12:00:00+00:00,7,0,1218786.13101,0.01772,False,insufficient_quote_volume
BNTUSDT,BNT,PERPETUAL,USDT,TRADING,2023-08-10 12:00:00+00:00,7,0,1217632.2195,0.3228,False,insufficient_quote_volume
NXPCUSDT,NXPC,PERPETUAL,USDT,TRADING,2025-05-15 06:30:00+00:00,7,0,1214295.8408,0.2938,False,insufficient_quote_volume
B2USDT,B2,PERPETUAL,USDT,TRADING,2025-05-06 13:30:00+00:00,7,0,1210644.5607,0.7143,False,insufficient_quote_volume
NFPUSDT,NFP,PERPETUAL,USDT,TRADING,2023-12-27 12:30:00+00:00,7,1,1209049.313193,0.01702,False,insufficient_quote_volume
FLUXUSDT,FLUX,PERPETUAL,USDT,TRADING,2024-09-03 07:00:00+00:00,7,0,1204380.02797,0.05767,False,insufficient_quote_volume
GMXUSDT,GMX,PERPETUAL,USDT,TRADING,2023-02-16 07:00:00+00:00,6,2,1201281.68687,6.858,False,insufficient_quote_volume
SPELLUSDT,SPELL,PERPETUAL,USDT,TRADING,2022-09-05 07:00:00+00:00,7,0,1198054.0491616,0.0001821,False,insufficient_quote_volume
LUMIAUSDT,LUMIA,PERPETUAL,USDT,TRADING,2024-12-18 11:30:00+00:00,7,1,1194164.946143,0.06889,False,insufficient_quote_volume
AWEUSDT,AWE,PERPETUAL,USDT,TRADING,2025-05-21 08:00:00+00:00,7,0,1182887.28532,0.05404,False,insufficient_quote_volume
ERAUSDT,ERA,PERPETUAL,USDT,TRADING,2025-07-17 13:30:00+00:00,7,0,1173066.5024,0.143,False,insufficient_quote_volume
UBUSDT,UB,PERPETUAL,USDT,TRADING,2025-09-12 10:30:00+00:00,7,0,1130360.32717,0.0318,False,insufficient_quote_volume
KGENUSDT,KGEN,PERPETUAL,USDT,TRADING,2025-10-07 14:30:00+00:00,7,0,1128665.12999,0.18684,False,insufficient_quote_volume
NEWTUSDT,NEWT,PERPETUAL,USDT,TRADING,2025-06-19 14:30:00+00:00,7,0,1127433.03161,0.07003,False,insufficient_quote_volume
SCRUSDT,SCR,PERPETUAL,USDT,TRADING,2024-10-22 10:00:00+00:00,7,0,1126314.38181,0.04777,False,insufficient_quote_volume
JCTUSDT,JCT,PERPETUAL,USDT,TRADING,2025-11-10 10:30:00+00:00,7,0,1124864.660244,0.00181,False,insufficient_quote_volume
USUSDT,US,PERPETUAL,USDT,TRADING,2025-12-12 10:45:00+00:00,7,0,1123887.951771,0.003472,False,insufficient_quote_volume
IOSTUSDT,IOST,PERPETUAL,USDT,TRADING,2019-09-25 08:00:00+00:00,6,0,1121976.621713,0.001202,False,insufficient_quote_volume
A2ZUSDT,A2Z,PERPETUAL,USDT,TRADING,2025-07-30 08:00:00+00:00,7,0,1106284.2330701,0.0008507,False,insufficient_quote_volume
ALPINEUSDT,ALPINE,PERPETUAL,USDT,TRADING,2025-05-06 09:45:00+00:00,6,1,1095425.887,0.4572,False,insufficient_quote_volume
AIOUSDT,AIO,PERPETUAL,USDT,TRADING,2025-08-13 11:30:00+00:00,7,0,1077085.20114,0.09452,False,insufficient_quote_volume
1000CATUSDT,1000CAT,PERPETUAL,USDT,TRADING,2024-10-21 12:30:00+00:00,7,0,1067197.898793,0.001909,False,insufficient_quote_volume
LSKUSDT,LSK,PERPETUAL,USDT,TRADING,2024-01-25 14:15:00+00:00,6,0,1060260.7755,0.1373,False,insufficient_quote_volume
RDNTUSDT,RDNT,PERPETUAL,USDT,TRADING,2023-04-04 00:00:00+00:00,7,0,1056029.25461,0.005467,False,insufficient_quote_volume
ALLUSDT,ALL,PERPETUAL,USDT,TRADING,2025-08-06 09:00:00+00:00,6,0,1054855.7926,0.5087,False,insufficient_quote_volume
ZETAUSDT,ZETA,PERPETUAL,USDT,TRADING,2024-02-02 08:30:00+00:00,6,0,1039724.67099,0.05484,False,insufficient_quote_volume
HEIUSDT,HEI,PERPETUAL,USDT,TRADING,2025-02-13 09:00:00+00:00,6,1,1033883.882581,0.08661,False,insufficient_quote_volume
ATAUSDT,ATA,PERPETUAL,USDT,TRADING,2021-08-30 07:00:00+00:00,4,0,1032632.6405,0.0118,False,insufficient_quote_volume
HMSTRUSDT,HMSTR,PERPETUAL,USDT,TRADING,2024-09-26 12:30:00+00:00,7,0,1031434.9946233,0.0001678,False,insufficient_quote_volume
POLYXUSDT,POLYX,PERPETUAL,USDT,TRADING,2023-10-25 02:30:00+00:00,7,0,1012428.75096,0.04262,False,insufficient_quote_volume
EVAAUSDT,EVAA,PERPETUAL,USDT,TRADING,2025-10-03 10:30:00+00:00,6,1,1005102.267,0.5504,False,insufficient_quote_volume
AIOTUSDT,AIOT,PERPETUAL,USDT,TRADING,2025-04-30 12:30:00+00:00,7,0,977272.90081,0.02432,False,insufficient_quote_volume
GTCUSDT,GTC,PERPETUAL,USDT,TRADING,2021-03-15 07:00:00+00:00,3,1,967028.605,0.094,False,insufficient_quote_volume
SPORTFUNUSDT,SPORTFUN,PERPETUAL,USDT,TRADING,2026-01-16 13:45:00+00:00,7,0,962933.38957,0.0388,False,insufficient_history
SANTOSUSDT,SANTOS,PERPETUAL,USDT,TRADING,2024-10-28 14:00:00+00:00,7,1,955085.2705,1.33,False,insufficient_quote_volume
VICUSDT,VIC,PERPETUAL,USDT,TRADING,2025-03-12 17:00:00+00:00,7,0,943471.19025,0.04992,False,insufficient_quote_volume
STBLUSDT,STBL,PERPETUAL,USDT,TRADING,2025-09-17 05:45:00+00:00,7,0,938195.70929,0.03755,False,insufficient_quote_volume
PONKEUSDT,PONKE,PERPETUAL,USDT,SETTLING,2024-11-04 12:30:00+00:00,7,0,935354.01404,0.03807,False,status_not_trading
MEGAUSDT,MEGA,PERPETUAL,USDT,TRADING,2026-01-30 12:15:00+00:00,7,0,929926.91476,0.13562,False,insufficient_history
HIVEUSDT,HIVE,PERPETUAL,USDT,TRADING,2024-12-23 11:30:00+00:00,7,0,929210.14103,0.06543,False,insufficient_quote_volume
DAMUSDT,DAM,PERPETUAL,USDT,TRADING,2025-08-18 12:30:00+00:00,7,0,922646.66283,0.03185,False,insufficient_quote_volume
HAEDALUSDT,HAEDAL,PERPETUAL,USDT,TRADING,2025-05-01 03:15:00+00:00,7,0,922286.22254,0.02891,False,insufficient_quote_volume
AKEUSDT,AKE,PERPETUAL,USDT,TRADING,2025-09-26 12:30:00+00:00,7,0,916150.3330665,0.0002102,False,insufficient_quote_volume
BELUSDT,BEL,PERPETUAL,USDT,TRADING,2019-09-25 08:00:00+00:00,5,0,901179.8086,0.1048,False,insufficient_quote_volume
ONGUSDT,ONG,PERPETUAL,USDT,TRADING,2023-11-27 13:00:00+00:00,7,0,886857.3621,0.06177,False,insufficient_quote_volume
XPINUSDT,XPIN,PERPETUAL,USDT,TRADING,2025-09-12 08:00:00+00:00,7,0,850302.757382,0.001357,False,insufficient_quote_volume
RAREUSDT,RARE,PERPETUAL,USDT,TRADING,2024-08-15 13:00:00+00:00,7,0,849403.62761,0.01679,False,insufficient_quote_volume
CELRUSDT,CELR,PERPETUAL,USDT,TRADING,2021-03-29 07:00:00+00:00,5,0,848146.8003,0.00281,False,insufficient_quote_volume
DOLOUSDT,DOLO,PERPETUAL,USDT,TRADING,2025-05-01 03:00:00+00:00,7,0,846763.75785,0.03675,False,insufficient_quote_volume
BOBUSDT,BOB,PERPETUAL,USDT,TRADING,2025-11-21 10:45:00+00:00,7,0,842076.572965,0.006186,False,insufficient_quote_volume
SFPUSDT,SFP,PERPETUAL,USDT,TRADING,2021-02-24 07:00:00+00:00,4,0,830478.0031,0.2987,False,insufficient_quote_volume
ETHWUSDT,ETHW,PERPETUAL,USDT,TRADING,2023-11-28 12:30:00+00:00,6,0,823472.5121,0.3112,False,insufficient_quote_volume
B3USDT,B3,PERPETUAL,USDT,TRADING,2025-02-13 11:30:00+00:00,7,0,796947.5272227,0.0004049,False,insufficient_quote_volume
TURTLEUSDT,TURTLE,PERPETUAL,USDT,TRADING,2025-10-22 15:00:00+00:00,7,0,766331.29928,0.04608,False,insufficient_quote_volume
CATIUSDT,CATI,PERPETUAL,USDT,TRADING,2024-09-20 11:30:00+00:00,7,0,763666.09868,0.04493,False,insufficient_quote_volume
MAVIAUSDT,MAVIA,PERPETUAL,USDT,TRADING,2025-03-26 16:15:00+00:00,7,0,757432.22911,0.03486,False,insufficient_quote_volume
AVAAIUSDT,AVAAI,PERPETUAL,USDT,TRADING,2025-01-17 13:15:00+00:00,7,0,745151.059445,0.008095,False,insufficient_quote_volume
ONUSDT,ON,PERPETUAL,USDT,TRADING,2025-10-24 08:30:00+00:00,7,0,742877.74236,0.09035,False,insufficient_quote_volume
ZKJUSDT,ZKJ,PERPETUAL,USDT,TRADING,2025-05-13 09:30:00+00:00,6,1,727352.308772,0.02481,False,insufficient_quote_volume
CETUSUSDT,CETUS,PERPETUAL,USDT,TRADING,2024-11-06 14:00:00+00:00,7,0,724913.40475,0.01904,False,insufficient_quote_volume
CTSIUSDT,CTSI,PERPETUAL,USDT,TRADING,2021-10-25 07:00:00+00:00,4,0,715477.9392,0.0262,False,insufficient_quote_volume
ORDERUSDT,ORDER,PERPETUAL,USDT,TRADING,2025-09-26 12:45:00+00:00,7,0,701661.61819,0.05563,False,insufficient_quote_volume
BMTUSDT,BMT,PERPETUAL,USDT,TRADING,2025-03-17 13:30:00+00:00,7,0,691075.69374,0.01649,False,insufficient_quote_volume
CVCUSDT,CVC,PERPETUAL,USDT,TRADING,2025-05-16 08:30:00+00:00,7,0,670009.78062,0.03207,False,insufficient_quote_volume
MLNUSDT,MLN,PERPETUAL,USDT,TRADING,2025-03-31 08:45:00+00:00,5,2,668597.74787,3.862,False,insufficient_quote_volume
PUNDIXUSDT,PUNDIX,PERPETUAL,USDT,TRADING,2025-04-30 10:00:00+00:00,7,0,668485.7369,0.1562,False,insufficient_quote_volume
SLPUSDT,SLP,PERPETUAL,USDT,TRADING,2025-07-23 11:45:00+00:00,7,0,662269.4118934,0.0006183,False,insufficient_quote_volume
POWRUSDT,POWR,PERPETUAL,USDT,TRADING,2023-10-27 02:30:00+00:00,7,0,656303.1944,0.06701,False,insufficient_quote_volume
RLSUSDT,RLS,PERPETUAL,USDT,TRADING,2025-12-02 10:00:00+00:00,7,0,655094.098086,0.00459,False,insufficient_quote_volume
WAXPUSDT,WAXP,PERPETUAL,USDT,TRADING,2023-10-18 14:45:00+00:00,7,0,649243.589272,0.006686,False,insufficient_quote_volume
AVAUSDT,AVA,PERPETUAL,USDT,TRADING,2024-12-13 13:00:00+00:00,7,1,635052.85464,0.2096,False,insufficient_quote_volume
MTLUSDT,MTL,PERPETUAL,USDT,TRADING,2021-03-31 07:00:00+00:00,4,0,629416.8141,0.292,False,insufficient_quote_volume
FORTHUSDT,FORTH,PERPETUAL,USDT,TRADING,2025-04-08 08:30:00+00:00,6,1,629104.6713,0.948,False,insufficient_quote_volume
FUNUSDT,FUN,PERPETUAL,USDT,TRADING,2025-03-31 08:30:00+00:00,7,0,612853.675267,0.001428,False,insufficient_quote_volume
MITOUSDT,MITO,PERPETUAL,USDT,TRADING,2025-08-28 14:30:00+00:00,7,0,596779.94333,0.04051,False,insufficient_quote_volume
SYSUSDT,SYS,PERPETUAL,USDT,TRADING,2024-08-19 12:30:00+00:00,7,0,594701.00947,0.01225,False,insufficient_quote_volume
VELODROMEUSDT,VELODROME,PERPETUAL,USDT,TRADING,2024-12-13 16:15:00+00:00,7,0,593114.43793,0.01699,False,insufficient_quote_volume
KOMAUSDT,KOMA,PERPETUAL,USDT,TRADING,2024-12-10 12:15:00+00:00,7,0,584182.021777,0.007611,False,insufficient_quote_volume
ASRUSDT,ASR,PERPETUAL,USDT,TRADING,2025-05-06 09:30:00+00:00,6,1,572620.2385,1.357,False,insufficient_quote_volume
PROMPTUSDT,PROMPT,PERPETUAL,USDT,TRADING,2025-04-11 06:30:00+00:00,7,0,571819.58506,0.0433,False,insufficient_quote_volume
JOEUSDT,JOE,PERPETUAL,USDT,TRADING,2023-03-28 00:00:00+00:00,7,0,569288.45939,0.04302,False,insufficient_quote_volume
KAITOUSDC,KAITO,PERPETUAL,USDC,TRADING,2025-03-05 10:00:00+00:00,6,1,561929.00273,0.3696,False,insufficient_quote_volume
AERGOUSDT,AERGO,PERPETUAL,USDT,TRADING,2025-04-16 11:00:00+00:00,7,0,548541.33196,0.0558,False,insufficient_quote_volume
TAIKOUSDT,TAIKO,PERPETUAL,USDT,TRADING,2025-06-11 12:30:00+00:00,7,0,548273.4617,0.1333,False,insufficient_quote_volume
PUMPBTCUSDT,PUMPBTC,PERPETUAL,USDT,TRADING,2025-06-13 10:00:00+00:00,7,0,524494.21265,0.01489,False,insufficient_quote_volume
CROSSUSDT,CROSS,PERPETUAL,USDT,TRADING,2025-07-10 10:30:00+00:00,7,0,518035.53658,0.06904,False,insufficient_quote_volume
RIFUSDT,RIF,PERPETUAL,USDT,TRADING,2023-10-21 12:30:00+00:00,7,0,479017.23182,0.03664,False,insufficient_quote_volume
CARVUSDT,CARV,PERPETUAL,USDT,TRADING,2025-08-07 16:45:00+00:00,7,0,464777.1736,0.0599,False,insufficient_quote_volume
BROCCOLIF3BUSDT,BROCCOLIF3B,PERPETUAL,USDT,TRADING,2025-03-21 09:15:00+00:00,7,0,451047.975837,0.003644,False,insufficient_quote_volume
IRYSUSDT,IRYS,PERPETUAL,USDT,TRADING,2025-11-26 16:00:00+00:00,7,0,423431.833462,0.01872,False,insufficient_quote_volume
BRUSDT,BR,PERPETUAL,USDT,TRADING,2025-03-21 12:45:00+00:00,7,0,373150.07365,0.05781,False,insufficient_quote_volume
TACUSDT,TAC,PERPETUAL,USDT,TRADING,2025-07-15 10:30:00+00:00,7,0,358180.080009,0.004125,False,insufficient_quote_volume
1000000BOBUSDT,1000000BOB,PERPETUAL,USDT,TRADING,2025-06-05 08:30:00+00:00,7,0,340550.45618,0.0125,False,insufficient_quote_volume
OLUSDT,OL,PERPETUAL,USDT,TRADING,2025-06-25 11:30:00+00:00,7,0,322648.22253,0.01373,False,insufficient_quote_volume
CTKUSDT,CTK,PERPETUAL,USDT,TRADING,2025-04-30 10:15:00+00:00,7,0,283421.6379,0.1746,False,insufficient_quote_volume
ETHBTC,ETH,PERPETUAL,BTC,TRADING,2023-05-25 00:00:00+00:00,6,2,1396.816796,0.031239,False,quote_asset_not_allowed
BTCSTUSDT,BTCST,PERPETUAL,USDT,PENDING_TRADING,2021-03-03 07:00:00+00:00,3,1,0.0,0.0,False,status_not_trading
SCUSDT,SC,PERPETUAL,USDT,SETTLING,2021-04-12 07:00:00+00:00,6,0,0.0,0.0,False,status_not_trading
RAYUSDT,RAY,PERPETUAL,USDT,SETTLING,2021-08-18 07:00:00+00:00,3,1,0.0,0.0,False,status_not_trading
FTTUSDT,FTT,PERPETUAL,USDT,SETTLING,2022-04-14 07:00:00+00:00,4,1,0.0,0.0,False,status_not_trading
KDAUSDT,KDA,PERPETUAL,USDT,SETTLING,2024-09-18 13:30:00+00:00,7,0,0.0,0.0,False,status_not_trading
AI16ZUSDT,AI16Z,PERPETUAL,USDT,SETTLING,2025-01-02 13:45:00+00:00,7,1,0.0,0.0,False,status_not_trading
GAIBUSDT,GAIB,PERPETUAL,USDT,PENDING_TRADING,2025-11-20 09:00:00+00:00,7,0,0.0,0.0,False,status_not_trading
