symbol,strategy_id,family,entry_time,exit_time,side,net_return,gross_return,exit_reason,bars_held,signal_strength,label_take,target_hit,stop_hit,horizon_hit,mae,mfe,mae_limit_breached,recent_same_side_failures,recent_same_side_mean_return,open,high,low,close,volume,close_time,quote_asset_volume,trade_count,taker_buy_base_volume,taker_buy_quote_volume,log_return_1,log_return_4,log_return_16,vol_norm_return_4,body_ratio,upper_wick_ratio,lower_wick_ratio,range_ratio,rsi_14,macd_hist,ema_fast_distance,ema_slow_distance,ema_fast_slope,ema_slow_slope,bb_bandwidth,bb_zscore,atr_14,volume_zscore,relative_volume,trend_regime,volatility_regime,drawdown_20,hour_sin,hour_cos,day_of_week,session_bucket,probability,accepted
RIVERUSDT,trend_ema__directionlong_only_fast9_rsi_threshold58.0_slow55,trend_ema,2026-02-23 22:30:00+00:00,2026-02-23 23:00:00+00:00,long,0.02460817370819721,0.02540817370819721,target,2,0.5693348539860361,1,True,False,False,0.0003937244615650376,0.03397459664326777,0,3,-0.020370413022877794,8.204,8.365,8.202,8.338,204215.7,2026-02-23 22:44:59.999000+00:00,1689941.146,16081,111209.9,920747.3291,0.01632343843799232,0.05256918341934576,0.05941852526492043,7.331980147490017,0.8220858895705421,0.16564417177914711,0.012269938650310827,0.019549052530582905,78.4667426993018,0.05635742355565979,0.04321836700938574,0.04388083288346379,0.011567423554913914,0.004325089001630866,0.07392375279197008,1.428437143256506,0.08907825763451459,1.835157859226396,2.0672868005280995,1.0,0.76,0.0,-0.5000000000000004,0.8660254037844384,0,2.0,0.7338378973274196,True
RIVERUSDT,trend_ema__directionlong_only_fast21_rsi_threshold58.0_slow34,trend_ema,2026-02-23 22:45:00+00:00,2026-02-23 23:15:00+00:00,long,0.02589491005270039,0.026694910052700388,target,2,0.5900004466874811,1,True,False,False,0.009739715160697566,0.05283332305333417,0,2,-0.01565548388924703,8.341,8.396,8.261,8.371,174958.0,2026-02-23 22:59:59.999000+00:00,1458689.6903,17185,85427.9,712520.2646,0.00394997221931429,0.04708334303688984,0.06527944780777951,6.651661834553924,0.22222222222222807,0.18518518518518567,0.5925925925925862,0.01612710548321605,79.50002233437405,0.06352266399389042,0.04251491907072003,0.045781399473283815,0.013031958194815063,0.006428902624268984,0.08807645389713832,1.2083663243411553,0.09235838208919224,1.2719603510202437,1.7466387767425509,1.0,0.7,0.0,-0.5000000000000004,0.8660254037844384,0,2.0,0.6728578196619529,True
LYNUSDT,trend_ema__directionlong_only_fast21_rsi_threshold58.0_slow34,trend_ema,2026-02-24 09:00:00+00:00,2026-02-24 16:00:00+00:00,long,-0.0236116680476004,-0.022811668047600403,stop,28,0.32826980050989535,0,False,True,False,0.026163526588775066,0.02685062179212045,0,0,0.018289586187544983,0.31402,0.3225,0.31337,0.31805,999386.0,2026-02-24 09:14:59.999000+00:00,317754.50471,6795,757910.0,241181.49057,0.012751924977437708,0.02260863560321854,0.0591930891744642,2.0904472412881643,0.44140197152244975,0.4874041621029569,0.07119386637459338,0.028706178273856398,66.41349002549477,0.0016337282550480932,0.027668501674240144,0.029080565351045362,0.0068826447249241696,0.003755961172004607,0.0965356830529236,0.8338400163278277,0.005087244213238006,0.6148384347975288,1.4432496302288926,1.0,0.97,0.0,0.7071067811865476,-0.7071067811865475,1,1.0,0.7190306406647617,True
RIVERUSDT,trend_ema__directionlong_only_fast21_rsi_threshold58.0_slow34,trend_ema,2026-02-24 10:15:00+00:00,2026-02-24 11:15:00+00:00,long,0.04422306378273836,0.04502306378273836,target,4,0.313493055712957,1,True,False,False,0.010657509267117619,0.054605938021020275,0,1,-0.01134514487275384,8.564,8.768,8.551,8.756,267375.3,2026-02-24 10:29:59.999000+00:00,2323009.3279,24768,160257.3,1392457.1367,0.02217180893318015,0.032618526394102565,0.04341405208193012,3.2326212785407837,0.8847926267281092,0.05529953917050887,0.05990783410138188,0.024783005938784894,65.67465278564785,0.04567381565109934,0.03670399593332055,0.0420286260355473,0.006860512234342142,0.004392612874088764,0.06278834968233823,1.387555831348969,0.1587359889491541,1.0485903023391283,1.4142037466638315,1.0,0.68,0.0,0.49999999999999994,-0.8660254037844387,1,1.0,0.7591951752926352,True
ZECUSDT,trend_ema__directionlong_only_fast21_rsi_threshold58.0_slow34,trend_ema,2026-02-24 16:00:00+00:00,2026-02-24 16:30:00+00:00,long,0.018498168448950473,0.01929816844895047,target,2,0.48454043359639654,1,True,False,False,0.0015327220655399088,0.02880385560135967,0,1,0.009579191716672295,238.62,241.85,238.6,240.19,40115.276,2026-02-24 16:14:59.999000+00:00,9644891.74238,36020,23680.608,5692141.19861,0.006557948358238708,0.025425634422262564,0.027948458756507574,5.700410222367613,0.48307692307692096,0.5107692307692298,0.006153846153849302,0.01353095466089346,74.22702167981983,0.771178280277591,0.022804976302665276,0.02346911259973324,0.005695514359873366,0.002418494909651958,0.03665595646147961,1.4256067391734764,1.9428016008632596,2.6529577060905702,3.0341475814709904,1.0,0.77,0.0,-0.8660254037844385,-0.5000000000000004,1,2.0,0.6325249634671712,True
ZECUSDT,trend_ema__directionlong_only_fast9_rsi_threshold58.0_slow55,trend_ema,2026-02-24 16:00:00+00:00,2026-02-24 16:30:00+00:00,long,0.018498168448950473,0.01929816844895047,target,2,0.48454043359639654,1,True,False,False,0.0015327220655399088,0.02880385560135967,0,1,0.012375215945174522,238.62,241.85,238.6,240.19,40115.276,2026-02-24 16:14:59.999000+00:00,9644891.74238,36020,23680.608,5692141.19861,0.006557948358238708,0.025425634422262564,0.027948458756507574,5.700410222367613,0.48307692307692096,0.5107692307692298,0.006153846153849302,0.01353095466089346,74.22702167981983,0.771178280277591,0.022804976302665276,0.02346911259973324,0.005695514359873366,0.002418494909651958,0.03665595646147961,1.4256067391734764,1.9428016008632596,2.6529577060905702,3.0341475814709904,1.0,0.77,0.0,-0.8660254037844385,-0.5000000000000004,1,2.0,0.6282382981919464,True
HYPEUSDT,trend_ema__directionlong_only_fast9_rsi_threshold58.0_slow55,trend_ema,2026-02-25 12:30:00+00:00,2026-02-25 13:45:00+00:00,long,0.015232999663905159,0.01603299966390516,target,5,0.30902092789632946,1,True,False,False,0.0031948335616104385,0.017348773578294497,0,2,0.004730577125593373,27.255,27.416,27.172,27.358,110956.96,2026-02-25 12:44:59.999000+00:00,3030979.64928,16148,60190.27,1644878.44993,0.0037720001510083583,0.008995673006112814,0.014617613322906673,2.7124801359559716,0.4221311475409903,0.2377049180327864,0.3401639344262233,0.008918780612617873,65.45104639481647,0.0594095483080919,0.011684593787750601,0.011788053548800092,0.0025746961459029993,0.0013361473862298912,0.02302762916812416,1.245239994883829,0.17975955387879794,1.242063796070364,1.7130096291810972,1.0,0.35,0.0,1.2246467991473532e-16,-1.0,2,1.0,0.5985092601199414,True
HYPEUSDT,trend_ema__directionlong_only_fast21_rsi_threshold58.0_slow34,trend_ema,2026-02-25 12:45:00+00:00,2026-02-25 14:00:00+00:00,long,0.01562413498699639,0.01642413498699639,target,5,0.4333122430111371,1,True,False,False,0.0014291189167593811,0.0193295188775999,0,2,0.004711127468621923,27.358,27.646,27.35,27.589,171250.21,2026-02-25 12:59:59.999000+00:00,4709187.32196,20322,86332.81,2375586.27148,0.008408151888765316,0.01511970954874483,0.021321050894303764,4.068852522232077,0.7804054054054006,0.19256756756757526,0.027027027027024107,0.010728913697488107,71.66561215055685,0.07706024279582879,0.01805874187272766,0.019275500451952976,0.004167890342408054,0.001974796378039656,0.03061336498155742,1.4114631489777625,0.1880624428874552,2.566700618008105,2.5756899466505203,1.0,0.47,0.0,1.2246467991473532e-16,-1.0,2,1.0,0.654355985158112,True
ZECUSDT,trend_ema__directionlong_only_fast21_rsi_threshold58.0_slow34,trend_ema,2026-02-25 13:30:00+00:00,2026-02-25 14:45:00+00:00,long,0.019027490915552055,0.019827490915552054,target,5,0.3897529872667997,1,True,False,False,0.010292435192312778,0.022425170255875232,0,0,0.01435091322514317,244.48,245.75,243.77,244.85,26928.671,2026-02-25 13:44:59.999000+00:00,6595722.97648,33166,11910.703,2917759.37968,0.0015122721701707111,0.01709443335930004,0.019506979764684056,3.404284119237114,0.18686868686869013,0.45454545454545975,0.3585858585858501,0.008086583622626056,69.48764936333998,0.6946901101090242,0.018262602701704333,0.019618649048126706,0.004653496357827525,0.0023880679048677855,0.03357288791153668,1.1766381052169508,1.9421707773186694,1.8744084125042575,1.994617181259183,1.0,0.6,0.0,-0.2588190451025208,-0.9659258262890683,2,1.0,0.5533368912603152,True
RIVERUSDT,trend_ema__directionlong_only_fast21_rsi_threshold58.0_slow34,trend_ema,2026-02-25 23:30:00+00:00,2026-02-26 02:30:00+00:00,long,0.04351338551284047,0.044313385512840475,target,12,0.20315565653278725,1,True,False,False,0.01715277467738128,0.04529775079192662,0,0,0.00773331036520454,9.35,9.387,9.251,9.284,159220.4,2026-02-25 23:44:59.999000+00:00,1483626.2358,22642,75438.3,703205.4341,-0.007083854888404932,0.013883086321870302,0.0651993742367439,1.4214662844849122,0.4852941176470475,0.2720588235294157,0.2426470588235368,0.014648858250754094,60.15778282663936,0.06433195442373871,0.023473464879119332,0.02366441945968672,0.008961338776432237,0.005340071330757867,0.11383276320802968,0.6888220902975387,0.16363142722534665,0.08813522069774887,1.0443022345532431,1.0,0.43,-0.007907672579611003,-0.25881904510252157,0.9659258262890681,2,2.0,0.5862969676378611,True
LYNUSDT,trend_ema__directionlong_only_fast9_rsi_threshold58.0_slow55,trend_ema,2026-02-26 00:15:00+00:00,2026-02-26 07:30:00+00:00,long,-0.007423385135985523,-0.006623385135985523,signal_exit,29,0.2725580870395508,0,False,False,False,0.01791349892177134,0.02546753611382936,0,3,0.014553350035648876,0.3259,0.33332,0.32373,0.32914,572928.0,2026-02-26 00:29:59.999000+00:00,187913.19056,6585,334270.0,109723.38074,0.009861922535497954,0.03094732123555352,0.02261510994434787,4.386515052483241,0.3378519290928018,0.4358706986444236,0.22627737226277456,0.029136537643555897,63.62790435197754,0.0011742504767788128,0.020892666519807264,0.0204715443516745,0.005523591424375196,0.001629184061405775,0.04121376795271364,1.245690066385453,0.004403578225579969,0.5436215265014189,1.6292390658537963,-1.0,0.49,0.0,0.0,1.0,3,0.0,0.5541751371656324,True
SIRENUSDT,trend_ema__directionlong_only_fast9_rsi_threshold58.0_slow55,trend_ema,2026-02-26 00:30:00+00:00,2026-02-26 04:00:00+00:00,long,0.07808944663569298,0.07888944663569297,target,14,0.22395186769976733,1,True,False,False,0.015446631202631157,0.08412221208609572,0,3,-0.020457376175098678,0.35558,0.36079,0.35297,0.35706,1907357.0,2026-02-26 00:44:59.999000+00:00,681311.29609,25730,920647.0,329006.81796,0.004125453125296804,0.019627882020578406,0.11594679617754247,0.9710537930998123,0.18925831202045812,0.4769820971867026,0.3337595907928393,0.02190108105080377,61.197593384988366,0.003845955344982182,0.03475486773692929,0.028217945358582193,0.012036297791139239,0.004620810348992865,0.18824228377528174,0.6660863081784741,0.010979266374135833,-0.6804805191388759,0.3418411105552229,-1.0,0.73,0.0,0.0,1.0,3,0.0,0.6008816750240135,True
LYNUSDT,trend_ema__directionlong_only_fast9_rsi_threshold58.0_slow55,trend_ema,2026-02-26 08:15:00+00:00,2026-02-26 08:15:00+00:00,long,0.033727832622571036,0.03452783262257104,target,0,0.3889231588870925,1,True,False,False,0.010644959543475656,0.04949820401011234,0,3,0.005424613935174285,0.33249,0.349,0.329,0.34051,4795984.0,2026-02-26 08:29:59.999000+00:00,1641018.10865,36208,2708321.0,927522.33652,0.02326342673345622,0.045358568013707114,0.04143278471690542,4.495702122819662,0.40099999999999936,0.42450000000000065,0.1745,0.05873542627235606,69.44615794435462,0.0009591054892863929,0.03756482807595995,0.04202607491935867,0.005682148919962993,0.0023373450834742737,0.05036269159224069,1.5701901885758665,0.0056932701200859024,5.155327654528885,9.588870155681704,1.0,0.91,0.0,0.8660254037844387,-0.4999999999999998,3,1.0,0.7397463480169434,True
HYPEUSDT,trend_ema__directionlong_only_fast21_rsi_threshold58.0_slow34,trend_ema,2026-02-27 03:45:00+00:00,2026-02-27 04:00:00+00:00,long,0.013491024430670899,0.0142910244306709,target,1,0.4763171328024171,1,True,False,False,0.0016503108006720028,0.019982401858035032,0,2,0.008850273435704931,28.656,28.846,28.613,28.828,73682.37,2026-02-27 03:59:59.999000+00:00,2118004.5107,12037,42915.21,1233275.92973,0.005984291743838637,0.01200461094231621,0.025292903732243383,4.217192737853649,0.7381974248927047,0.07725321888412293,0.18454935622317237,0.00808241986957127,73.81585664012086,0.0665781496727546,0.014757703323590573,0.01570398363449226,0.003377491394230825,0.0017937522535738104,0.02880185875603999,1.2479750929720324,0.16877443771775266,0.8604671203690167,1.4173259199176211,1.0,0.14,0.0,0.7071067811865476,0.7071067811865476,4,0.0,0.6150958489284103,True
RIVERUSDT,trend_ema__directionlong_only_fast9_rsi_threshold58.0_slow55,trend_ema,2026-02-28 00:00:00+00:00,2026-02-28 04:45:00+00:00,long,0.050069540363355446,0.05086954036335545,target,19,0.23035605615345106,1,True,False,False,0.01361508211053813,0.053886455364588276,0,1,0.016168534489587005,11.361,11.556,11.305,11.477,158796.6,2026-02-28 00:14:59.999000+00:00,1820845.854,28599,72430.4,830706.1708,0.010246619405526068,0.03222943849502187,0.042813462395531986,2.3578030574901803,0.4621513944223104,0.3147410358565698,0.22310756972111978,0.021869826609741173,61.51780280767255,0.06194403104205691,0.026619285443383205,0.027790232697484263,0.007414227544600971,0.003368198908246578,0.07743056287503407,0.9312793233169218,0.23262005674682268,0.08493577031108955,1.0522030907647746,1.0,0.85,0.0,0.0,1.0,5,0.0,0.6582031949737037,True
RIVERUSDT,trend_ema__directionlong_only_fast21_rsi_threshold58.0_slow34,trend_ema,2026-02-28 00:30:00+00:00,2026-02-28 05:00:00+00:00,long,0.0494321677481549,0.0502321677481549,target,18,0.25898894387853433,1,True,False,False,0.024519581115757434,0.051287292978476666,0,1,0.022987762355921825,11.488,11.555,11.391,11.525,123427.9,2026-02-28 00:44:59.999000+00:00,1416580.1878,22545,62447.5,716918.5202,0.0033026277194451482,0.01345233424012645,0.0376635747128698,1.4348446003933417,0.22560975609756634,0.18292682926828913,0.5914634146341445,0.014229934924078065,62.949447193926716,0.07059474363820356,0.02539307599887227,0.029515340757687244,0.008349983701773533,0.005226890264201645,0.0864530210273381,0.8753769939390069,0.2260856611745563,-0.27026640348237313,0.8332476345909439,1.0,0.01,0.0,0.0,1.0,5,0.0,0.6327835005635047,True
RIVERUSDT,trend_ema__directionlong_only_fast9_rsi_threshold58.0_slow55,trend_ema,2026-02-28 10:45:00+00:00,2026-02-28 12:00:00+00:00,long,0.06306131254674373,0.06386131254674372,target,5,0.22941841422580198,1,True,False,False,0.003907242723612473,0.1194145512828607,0,1,0.030700792246099902,11.975,12.253,11.93,12.086,434674.5,2026-02-28 10:59:59.999000+00:00,5273010.5557,59726,203139.5,2464847.2772,0.009310125436206386,0.057207085824850394,0.014837314785836959,2.8051002831500216,0.3436532507739954,0.5170278637770885,0.13931888544891602,0.026725136521595267,61.4709207112901,0.07692777034829174,0.042028521459148,0.04682364192416443,0.011152191437698189,0.004952519384468834,0.1374033433905219,0.6657324243049044,0.3071600306339695,1.4067943400007816,1.5910041124274996,1.0,0.97,-0.006657351853373794,0.49999999999999994,-0.8660254037844387,5,1.0,0.599459308761241,True
RIVERUSDT,trend_ema__directionlong_only_fast21_rsi_threshold58.0_slow34,trend_ema,2026-02-28 11:00:00+00:00,2026-02-28 12:00:00+00:00,long,0.06269002802022633,0.06349002802022632,target,4,0.2835155478377311,1,True,False,False,0.009492824815217625,0.10849162752106652,0,1,0.033989773153222866,12.093,12.286,12.048,12.256,287237.5,2026-02-28 11:14:59.999000+00:00,3500555.2894,47143,145919.4,1779042.7738,0.01396785505886869,0.054407248611749934,0.06889962704658369,2.683778183672545,0.6848739495798343,0.12605042016806478,0.1890756302521009,0.019419060052219283,64.17577739188656,0.10076156836465092,0.050048091106979616,0.05769021700211993,0.014406254372154148,0.007640050278588939,0.13998611576009676,0.8577703492390851,0.3022200284458288,0.0744962053434144,1.0295794592737155,1.0,0.95,0.0,0.258819045102521,-0.9659258262890682,5,1.0,0.6707829951413887,True
SIRENUSDT,trend_ema__directionlong_only_fast21_rsi_threshold58.0_slow34,trend_ema,2026-03-01 19:00:00+00:00,2026-03-01 19:00:00+00:00,long,0.05399996629069068,0.054799966290690685,target,0,0.49615711049805183,1,True,False,False,0.0008744788735525934,0.06227153528511464,0,1,0.018843762310298995,0.26221,0.27858,0.26202,0.27454,5238084.0,2026-03-01 19:14:59.999000+00:00,1415788.14777,40531,3165451.0,855529.65341,0.04598939849391411,0.07054472073786944,0.08701799965969174,5.071093346019496,0.744565217391304,0.24396135265700383,0.011473429951692225,0.060319079187003785,74.80785552490259,0.0021943737631798014,0.06287858963468465,0.06084319543438007,0.013267001504277953,0.0052407756244199355,0.09982143014101558,1.5521376257703103,0.006520751681069443,1.2562927466844316,2.04379301924126,-1.0,0.62,0.0,-0.9659258262890684,0.2588190451025203,6,2.0,0.7639995669994895,True
SIRENUSDT,trend_ema__directionlong_only_fast9_rsi_threshold58.0_slow55,trend_ema,2026-03-01 19:00:00+00:00,2026-03-01 19:00:00+00:00,long,0.05399996629069068,0.054799966290690685,target,0,0.49615711049805183,1,True,False,False,0.0008744788735525934,0.06227153528511464,0,1,0.030146132317162122,0.26221,0.27858,0.26202,0.27454,5238084.0,2026-03-01 19:14:59.999000+00:00,1415788.14777,40531,3165451.0,855529.65341,0.04598939849391411,0.07054472073786944,0.08701799965969174,5.071093346019496,0.744565217391304,0.24396135265700383,0.011473429951692225,0.060319079187003785,74.80785552490259,0.0021943737631798014,0.06287858963468465,0.06084319543438007,0.013267001504277953,0.0052407756244199355,0.09982143014101558,1.5521376257703103,0.006520751681069443,1.2562927466844316,2.04379301924126,-1.0,0.62,0.0,-0.9659258262890684,0.2588190451025203,6,2.0,0.7630505009701785,True
ZECUSDT,trend_ema__directionlong_only_fast9_rsi_threshold58.0_slow55,trend_ema,2026-03-02 15:00:00+00:00,2026-03-02 15:00:00+00:00,long,0.019677746228103896,0.020477746228103895,target,0,0.6024799068943321,1,True,False,False,0.0015189474579589968,0.021525380110878435,0,3,0.007874511342114391,219.11,223.86,218.81,223.5,65310.464,2026-03-02 15:14:59.999000+00:00,14489758.13946,63345,38498.675,8539053.11165,0.01979188909880081,0.044043060255976624,0.050093025948187826,6.649184565033633,0.8693069306930646,0.07128712871287383,0.059405940594061526,0.022595078299776337,80.1239953447166,1.0891600749296046,0.0371845171120984,0.03765225469825183,0.008533642600873526,0.0028387746519624724,0.05251687661516076,1.6625555296772738,2.0275193172148938,3.6917130479523967,4.4522918266701215,1.0,0.89,0.0,-0.7071067811865471,-0.7071067811865479,0,1.0,0.7194861741941591,True
HYPEUSDT,trend_ema__directionlong_only_fast21_rsi_threshold58.0_slow34,trend_ema,2026-03-02 15:00:00+00:00,2026-03-02 15:15:00+00:00,long,0.02490257628339966,0.02570257628339966,target,1,0.5139958329774162,1,True,False,False,0.0012540173427089193,0.026063082681964625,0,0,0.00964997922239409,31.697,32.467,31.662,32.238,663822.12,2026-03-02 15:14:59.999000+00:00,21345895.27134,75588,354116.06,11382991.95543,0.016923841793863866,0.037836969683816155,0.057684055298879516,5.2423812342068175,0.6720496894409945,0.2844720496894401,0.04347826086956541,0.024970531670699167,75.69979164887081,0.18300279337098174,0.038671802613958604,0.04007966178191136,0.010113115594397204,0.0042658178617511755,0.06589002265926698,1.419944112589087,0.36014622686590836,2.942481983586491,3.697229756423336,1.0,0.8,0.0,-0.7071067811865471,-0.7071067811865479,0,1.0,0.7371002665860197,True
SOLUSDT,trend_ema__directionlong_only_fast9_rsi_threshold58.0_slow55,trend_ema,2026-03-02 15:00:00+00:00,2026-03-02 15:00:00+00:00,long,0.018977806112491318,0.019777806112491317,target,0,0.6182781197468075,1,True,False,False,0.002369270777607763,0.02683195651493387,0,4,-0.0020978063106506253,85.6,87.91,85.41,87.78,1709746.6,2026-03-02 15:14:59.999000+00:00,148328267.2169,123329,933960.75,81054140.2065,0.02503158550569377,0.052865442493258606,0.049029427240318606,7.083630110114144,0.8720000000000028,0.05199999999999818,0.0759999999999991,0.028480291638186373,80.91390598734037,0.37209882963263097,0.04124834236777076,0.04390536097516554,0.00833320465229459,0.00284837242473035,0.05123652851572435,1.7837715686347928,0.8074869700964764,3.2814684460008423,4.573242146607321,1.0,1.0,0.0,-0.7071067811865471,-0.7071067811865479,0,1.0,0.7284090191824152,True
SOLUSDT,trend_ema__directionlong_only_fast21_rsi_threshold58.0_slow34,trend_ema,2026-03-02 15:00:00+00:00,2026-03-02 15:00:00+00:00,long,0.018977806112491318,0.019777806112491317,target,0,0.6182781197468075,1,True,False,False,0.002369270777607763,0.02683195651493387,0,3,0.0007257987774835597,85.6,87.91,85.41,87.78,1709746.6,2026-03-02 15:14:59.999000+00:00,148328267.2169,123329,933960.75,81054140.2065,0.02503158550569377,0.052865442493258606,0.049029427240318606,7.083630110114144,0.8720000000000028,0.05199999999999818,0.0759999999999991,0.028480291638186373,80.91390598734037,0.37209882963263097,0.04124834236777076,0.04390536097516554,0.00833320465229459,0.00284837242473035,0.05123652851572435,1.7837715686347928,0.8074869700964764,3.2814684460008423,4.573242146607321,1.0,1.0,0.0,-0.7071067811865471,-0.7071067811865479,0,1.0,0.73575259549443,True
RIVERUSDT,trend_ema__directionlong_only_fast9_rsi_threshold58.0_slow55,trend_ema,2026-03-02 21:00:00+00:00,2026-03-03 06:00:00+00:00,long,-0.022495521154109095,-0.021695521154109096,signal_exit,36,0.31840119841500353,0,False,False,False,0.024841854512629134,0.040068370644663065,0,1,0.03736392543409122,14.618,14.857,14.566,14.775,139161.8,2026-03-02 21:14:59.999000+00:00,2048268.1937,27866,69912.4,1029454.2874,0.010614510762683197,0.03477713180341695,0.09760723225407056,3.110290193498239,0.5395189003436454,0.2817869415807538,0.17869415807560088,0.019695431472081124,65.92005992075018,0.10708954508165909,0.03339965511066441,0.031442897641902154,0.00839363295211859,0.003343293439783457,0.10371143525495645,0.9711644260765049,0.26207377201325033,-0.5381038476873384,0.7275057083313852,-1.0,0.61,0.0,-0.7071067811865477,0.7071067811865474,0,2.0,0.6904293553462076,True
RIVERUSDT,trend_ema__directionlong_only_fast21_rsi_threshold58.0_slow34,trend_ema,2026-03-03 10:30:00+00:00,2026-03-03 10:30:00+00:00,long,0.0380766858683674,0.0388766858683674,target,0,0.4998380449799791,1,True,False,False,0.0019481491284600656,0.048933447966552336,0,2,0.027313993014728644,15.013,15.75,14.986,15.65,712271.7,2026-03-03 10:44:59.999000+00:00,10996166.4905,98002,384697.7,5936356.3129,0.04148781783535158,0.056857763681721706,0.0962435225814588,4.108740543868021,0.8337696335078547,0.13089005235602058,0.0353403141361247,0.048817891373801874,74.99190224899895,0.11140051554295219,0.0573724664133175,0.062255387652705406,0.010266504815021227,0.005071931932204787,0.09587638230928525,1.5296636775611745,0.2713903437951154,4.710542490678791,5.04437593592838,1.0,1.0,0.0,0.49999999999999994,-0.8660254037844387,1,1.0,0.7677043256541919,True
SOLUSDT,trend_ema__directionlong_only_fast9_rsi_threshold58.0_slow55,trend_ema,2026-03-04 07:45:00+00:00,2026-03-04 08:45:00+00:00,long,0.01780512228925591,0.01860512228925591,target,4,0.30066200717996594,1,True,False,False,0.002226030151308463,0.037795651450528996,0,3,0.00039443261697424124,86.69,87.49,86.51,87.38,687827.68,2026-03-04 07:59:59.999000+00:00,59968720.7207,44581,392241.83,34194671.0987,0.007812539736793625,0.021048539309084808,0.019296918612498434,4.125122097206308,0.7040816326530662,0.11224489795918427,0.18367346938774948,0.011215381094071754,65.0331003589983,0.19012201673895804,0.01583919112864229,0.017381935240431825,0.003356432079528293,0.001261199108756994,0.02928311389068794,1.3145098948202425,0.6691588508149351,2.4385708685672673,2.3653869381792028,1.0,0.76,0.0,0.9659258262890683,-0.25881904510252063,2,0.0,0.5576672117693652,True
DOGEUSDT,trend_ema__directionlong_only_fast21_rsi_threshold58.0_slow34,trend_ema,2026-03-04 08:45:00+00:00,2026-03-04 08:45:00+00:00,long,0.016156007220374594,0.016956007220374592,target,0,0.43918984238923686,1,True,False,False,0.00014997750337464533,0.02013363927053699,0,2,-0.0013106008430833476,0.0907,0.09254,0.0907,0.09225,325024005.0,2026-03-04 08:59:59.999000+00:00,29811475.83672,53029,149247183.0,13686946.2899,0.016834678293783763,0.02380411852925647,0.033172913356304894,4.138701119631194,0.8423913043478264,0.1576086956521736,0.0,0.01994579945799452,71.95949211946184,0.0002865930268654316,0.026062934678816266,0.02716229088362315,0.004468094384493915,0.0021849353939666916,0.03621156037757046,1.6798726755372686,0.0007027379153645896,3.8739434392581154,4.238509974799703,1.0,0.82,0.0,0.8660254037844387,-0.4999999999999998,2,1.0,0.7226366548532079,True
DOGEUSDT,trend_ema__directionlong_only_fast9_rsi_threshold58.0_slow55,trend_ema,2026-03-04 08:45:00+00:00,2026-03-04 08:45:00+00:00,long,0.016156007220374594,0.016956007220374592,target,0,0.43918984238923686,1,True,False,False,0.00014997750337464533,0.02013363927053699,0,1,0.001336647902510961,0.0907,0.09254,0.0907,0.09225,325024005.0,2026-03-04 08:59:59.999000+00:00,29811475.83672,53029,149247183.0,13686946.2899,0.016834678293783763,0.02380411852925647,0.033172913356304894,4.138701119631194,0.8423913043478264,0.1576086956521736,0.0,0.01994579945799452,71.95949211946184,0.0002865930268654316,0.026062934678816266,0.02716229088362315,0.004468094384493915,0.0021849353939666916,0.03621156037757046,1.6798726755372686,0.0007027379153645896,3.8739434392581154,4.238509974799703,1.0,0.82,0.0,0.8660254037844387,-0.4999999999999998,2,1.0,0.7310485987208885,True
RIVERUSDT,trend_ema__directionlong_only_fast21_rsi_threshold58.0_slow34,trend_ema,2026-03-04 20:30:00+00:00,2026-03-04 21:00:00+00:00,long,0.04786374027466982,0.048663740274669826,target,2,0.43066087978111456,1,True,False,False,0.0015773935249490058,0.06111911019189405,0,2,0.02738235340850067,18.212,18.576,18.186,18.571,186743.5,2026-03-04 20:44:59.999000+00:00,3440400.8914,40637,99713.9,1837424.5526,0.019575417097233348,0.05461182654965036,0.09381434150637252,4.059397015869444,0.9205128205128237,0.012820512820510251,0.06666666666666606,0.021000484626568335,71.53304398905573,0.15775237886631172,0.05233626143102379,0.05230826462202216,0.015214529066668314,0.005904293311598918,0.11342466231510932,1.1869409028811546,0.35709030592410224,0.3170886079026528,1.1202095353635015,-1.0,0.33,0.0,-0.8660254037844386,0.5000000000000001,2,2.0,0.7154117676891034,True
DOGEUSDT,trend_ema__directionlong_only_fast21_rsi_threshold58.0_slow34,trend_ema,2026-03-08 10:15:00+00:00,2026-03-08 10:15:00+00:00,long,0.008073076011616569,0.00887307601161657,target,0,0.48240352498978323,1,True,False,False,0.0019221720707775455,0.010926238542893596,0,2,0.006544629981040666,0.09027,0.09127,0.09011,0.09095,155132179.0,2026-03-08 10:29:59.999000+00:00,14084620.24849,23930,83830227.0,7609776.16798,0.007393953014796326,0.011500734967449616,0.02021392682150535,4.272488578991688,0.58620689655172,0.275862068965516,0.13793103448276398,0.012754260582737858,74.12017624948916,0.00017617596269561933,0.01404898577375683,0.014338088582112754,0.0028611243867886493,0.0013135148140426267,0.02152959440758724,1.5266364505818908,0.00038040586648305165,3.895900408184518,3.8720813561928913,1.0,0.9,0.0,0.49999999999999994,-0.8660254037844387,6,1.0,0.568857526598809,True
DOGEUSDT,trend_ema__directionlong_only_fast9_rsi_threshold58.0_slow55,trend_ema,2026-03-08 10:15:00+00:00,2026-03-08 10:15:00+00:00,long,0.008073076011616569,0.00887307601161657,target,0,0.48240352498978323,1,True,False,False,0.0019221720707775455,0.010926238542893596,0,2,0.004834723022652915,0.09027,0.09127,0.09011,0.09095,155132179.0,2026-03-08 10:29:59.999000+00:00,14084620.24849,23930,83830227.0,7609776.16798,0.007393953014796326,0.011500734967449616,0.02021392682150535,4.272488578991688,0.58620689655172,0.275862068965516,0.13793103448276398,0.012754260582737858,74.12017624948916,0.00017617596269561933,0.01404898577375683,0.014338088582112754,0.0028611243867886493,0.0013135148140426267,0.02152959440758724,1.5266364505818908,0.00038040586648305165,3.895900408184518,3.8720813561928913,1.0,0.9,0.0,0.49999999999999994,-0.8660254037844387,6,1.0,0.5722173747831651,True
ZECUSDT,trend_ema__directionlong_only_fast9_rsi_threshold58.0_slow55,trend_ema,2026-03-08 19:30:00+00:00,2026-03-08 22:00:00+00:00,long,-0.012116032791571162,-0.011316032791571161,stop,10,0.39135955256754046,0,False,True,False,0.021903241471866734,0.018502821255815156,0,4,-0.0005859459065495244,199.94,202.49,199.42,201.49,30116.824,2026-03-08 19:44:59.999000+00:00,6057690.56855,27913,18668.332,3754123.54278,0.007772447079933618,0.02619754114197221,0.02619754114197221,6.6882393979151535,0.5048859934853421,0.325732899022799,0.1693811074918588,0.015236488163184384,69.56797762837702,0.3310108594789273,0.017827683090991076,0.019725187670912758,0.0036120048925496473,0.001240310502556241,0.025534342978983524,1.5486114374888893,1.6201081276819276,1.9611688851954554,2.1812672372173667,1.0,0.2,0.0,-0.9659258262890684,0.2588190451025203,6,2.0,0.5787695938419118,True
BTCUSDT,trend_ema__directionlong_only_fast21_rsi_threshold58.0_slow34,trend_ema,2026-03-09 04:15:00+00:00,2026-03-09 09:30:00+00:00,long,0.013224579991507994,0.014024579991507994,target,21,0.2829447622189889,1,True,False,False,0.004708423912165582,0.01923198264377098,0,1,0.002525305854766634,67140.0,67593.0,67132.9,67537.2,2007.554,2026-03-09 04:29:59.999000+00:00,135302863.519,57818,1230.679,82942325.3727,0.005898565631749914,0.005200269134089912,0.020994058326235875,1.11759029612249,0.8632905890023735,0.12127798304716846,0.015431427950458012,0.006812541828799622,64.14723811094944,138.12423791954018,0.01113653448889219,0.011186992951178996,0.002672910719113464,0.0014767750669586466,0.029784199329111544,0.9738776855832363,382.6577156649772,-0.27679928366783596,0.7042805717516891,1.0,1.0,0.0,0.8660254037844386,0.5000000000000001,0,0.0,0.6233628553152419,True
LYNUSDT,trend_ema__directionlong_only_fast9_rsi_threshold58.0_slow55,trend_ema,2026-03-10 04:30:00+00:00,2026-03-10 06:30:00+00:00,long,0.033485529195154955,0.03428552919515496,target,8,0.35363677719386233,1,True,False,False,0.0001499775033745273,0.05426866271458641,0,3,-0.016267164670773923,0.29728,0.30159,0.29728,0.30103,404124.0,2026-03-10 04:44:59.999000+00:00,121067.63318,5937,241104.0,72249.86675,0.012737322226036376,0.0409908734552243,0.04005685972304893,3.929437648025515,0.8700696055684454,0.12993039443155457,0.0,0.014317509882736059,67.68183885969312,0.0009842957215503182,0.030746687196765026,0.03233413815249573,0.006898767601758671,0.0023846267538123467,0.049709344821267404,1.3845387226716788,0.004098460078082755,0.027951848501987682,1.014428580034942,1.0,0.32,0.0,0.8660254037844386,0.5000000000000001,1,0.0,0.6854053525647429,True
RIVERUSDT,trend_ema__directionlong_only_fast9_rsi_threshold58.0_slow55,trend_ema,2026-03-10 10:00:00+00:00,2026-03-10 12:00:00+00:00,long,0.07075487520643238,0.07155487520643238,target,8,0.4219871119875745,1,True,False,False,0.024973507709983675,0.0784980356754939,0,0,0.04169810717401502,12.446,12.694,12.424,12.547,455959.2,2026-03-10 10:14:59.999000+00:00,5719634.6418,74852,222891.1,2796890.0434,0.008001963158722253,0.06503278529195863,0.14845507387695434,3.956690341351193,0.3740740740740754,0.5444444444444426,0.08148148148148197,0.021519088228261842,71.09935559937873,0.1859267856360262,0.07153529710752861,0.06872272012844988,0.02357092120079196,0.010502857314024672,0.18754649795219114,1.0806255245639729,0.35011920897157545,0.24792577362477677,1.1014524626622517,-1.0,0.71,0.0,0.49999999999999994,-0.8660254037844387,1,1.0,0.66625451247823,True
HYPEUSDT,trend_ema__directionlong_only_fast21_rsi_threshold58.0_slow34,trend_ema,2026-03-11 01:45:00+00:00,2026-03-11 05:00:00+00:00,long,0.013799968237625053,0.014599968237625053,target,13,0.2702632025585687,1,True,False,False,0.005787519409508306,0.01693700518119584,0,2,-0.00013522456025096707,34.407,34.554,34.382,34.543,56607.96,2026-03-11 01:59:59.999000+00:00,1952579.87882,8077,35429.33,1222085.39867,0.004003022111680939,0.004264646217473979,0.026073005011869262,1.1636956187965868,0.7906976744186017,0.06395348837210768,0.14534883720929057,0.004979301160872077,63.51316012792844,0.0595707393008234,0.009495096087367897,0.009674145454379038,0.0021231457968096112,0.001357842706830814,0.034009935898591526,0.7851978815666436,0.19889754166098658,-0.32003509152540577,0.840571265156127,1.0,0.2,0.0,0.25881904510252074,0.9659258262890683,2,0.0,0.5590471188609297,True
SIRENUSDT,trend_ema__directionlong_only_fast21_rsi_threshold58.0_slow34,trend_ema,2026-03-11 04:15:00+00:00,2026-03-11 04:30:00+00:00,long,0.02835495433100153,0.02915495433100153,target,1,0.48681651641260715,1,True,False,False,0.0015888439037892374,0.03261969812297171,0,2,-0.0028675479384596613,0.49337,0.50481,0.49266,0.50245,2029667.0,2026-03-11 04:29:59.999000+00:00,1014889.08477,23067,1098281.0,549255.0648,0.018236732842508045,0.04600173780269239,0.02472346190688736,6.646194774033315,0.7473251028806569,0.19423868312757447,0.05843621399176862,0.02418151059806945,74.34082582063036,0.0018200357511695712,0.03249289087045455,0.035466035656597325,0.006683103833913684,0.002759071047643946,0.04718730795889154,1.482133840808166,0.00621135390823906,2.2649068418960314,2.673654817915091,1.0,0.66,0.0,0.8660254037844386,0.5000000000000001,2,0.0,0.6811344305046135,True
RIVERUSDT,trend_ema__directionlong_only_fast9_rsi_threshold58.0_slow55,trend_ema,2026-03-12 00:45:00+00:00,2026-03-12 02:30:00+00:00,long,0.05309197647716921,0.053891976477169215,target,7,0.268771246534659,1,True,False,False,0.007745987490070826,0.08831328924434356,0,0,0.04309412417547782,14.874,14.948,14.769,14.915,126977.7,2026-03-12 00:59:59.999000+00:00,1884528.8644,26936,63244.4,938660.7593,0.0027526956856032863,0.023814687653524846,0.0660280644185022,2.055958102069559,0.22905027932960073,0.18435754189944806,0.5865921787709513,0.012001340931947723,63.43856232673295,0.1349136617173595,0.03489740005759853,0.03205697948555425,0.010696947970623594,0.005761725364995307,0.10467870186260891,0.9481208215204064,0.31056352727519265,-0.40969642136874806,0.7008223322311994,-1.0,0.42,-0.005666666666666709,0.0,1.0,3,0.0,0.6245049759458131,True
RIVERUSDT,trend_ema__directionlong_only_fast21_rsi_threshold58.0_slow34,trend_ema,2026-03-12 01:15:00+00:00,2026-03-12 02:30:00+00:00,long,0.05136669277362693,0.052166692773626934,target,5,0.3687855469883391,1,True,False,False,0.0034649102747312966,0.07337523136531841,0,0,0.050652873938605646,15.081,15.223,15.031,15.216,131518.7,2026-03-12 01:29:59.999000+00:00,1990371.6875,32329,67255.9,1018270.4435,0.008978143223224528,0.036133999309998874,0.08300450271061519,3.0757688909858336,0.7031249999999982,0.03645833333334085,0.2604166666666609,0.012618296529968466,68.43927734941695,0.1439534552967472,0.044965139123027305,0.04760410154050607,0.013395947188236557,0.007246455483415071,0.129752841121481,0.9643320598287803,0.3059705923954469,-0.34166372744129964,0.7447665925693094,1.0,0.43,0.0,0.25881904510252074,0.9659258262890683,3,0.0,0.6880293756549096,True
HYPEUSDT,trend_ema__directionlong_only_fast21_rsi_threshold58.0_slow34,trend_ema,2026-03-12 05:30:00+00:00,2026-03-12 05:45:00+00:00,long,0.01830146217008707,0.01910146217008707,target,1,0.39214937531468136,1,True,False,False,0.000860602963571349,0.023164003940767904,0,0,0.0047833279096875314,36.582,37.183,36.556,37.057,458569.42,2026-03-12 05:44:59.999000+00:00,16921070.46428,44540,266800.41,9845671.37454,0.012900951615749744,0.02885499945206994,0.015446422465074867,4.851845653852366,0.7575757575757569,0.20095693779903856,0.04146730462520455,0.016919880184580575,69.60746876573407,0.08483098916724711,0.020928480556381163,0.0244269105322732,0.004406503039120269,0.001816271410771897,0.041438817971870164,1.033453006284482,0.30436767312209745,3.3735795233973436,3.4351664162208917,1.0,0.81,0.0,0.9659258262890683,0.25881904510252074,3,0.0,0.6899542749371897,True
